Status (included or 'maybe included'),DOMAIN,SORT CODE,STEPHEN CODE,INDICATOR,NOTES Thur 26th June - 2nd refinement for Delphi,DEFINITIONS/What we mean,RESPONDENT 1,RESPONDENT 2,RESPONDENT 3,RESPONDENT 4,RESPONDENT 5,RESPONDENT 6,RESPONDENT 7,RESPONDENT 8,RESPONDENT 9,RESPONDENT 10,RESPONDENT 11,RESPONDENT 12,RESPONDENT 13,Sum,Denominator,Score,Number of 1 scores,Number of 2 scores,Number of 3 scores,Number of 4 scores,
duplicate,DEMOGRAPHICS,DEMO1,,Estimated population aged 65 years and over by sex and year ('000),This is a duplicate - delete it ,,1,2,1,1,1,1,1,1,1,1,1,1,1,14,13,1.08,12,1,0,0,
included,DEMOGRAPHICS,DEMO8,Population demographics,Number and proportion of population aged 65 years and over,,The total number and percentage of people in the population who are aged 65 years or older.,1,1,1,1,1,2,1,1,1,1,1,1,1,14,13,1.08,12,1,0,0,
included,VULNERABLE GROUPS,VULN2,Living arrangements,Number of homeless persons aged 65 years and over,,The number of people aged 65 years and over who are in accomodation designated for the homeless or sleeping rough. ,1,1,1,1,1,1,1,1,1,1,1,1,2,14,13,1.08,12,1,0,0,
included,VULNERABLE GROUPS,VULN3,Population demographics,Number of Travellers aged 65 years and over,,The number of people from the Traveller community who are aged 65 years or older.,1,1,1,1,1,1,1,1,1,1,1,1,2,14,13,1.08,12,1,0,0,
included,HEALTHCARE USE,HUSE35,Home and community supports,Percentage of older adults (65 years and over) who are in receipt of home care package,,"The percentage of adults aged 65 years or over receiving organised care services in their own home, such as personal care or nursing.",1,1,1,1,1,1,1,1,4,1,1,1,1,16,13,1.23,12,0,0,1,
included,DEMOGRAPHICS,DEMO5,Socioeconomic status,Deprivation distribution by 8-point Pobal HP index for those aged 65 and over,,"How adults aged 65 years and over are spread across different levels of social and economic disadvantage in an area, based on the Pobal HP Deprivation Index.  The Pobal HP Deprivation Index is Ireland's primary social gradient tool.  Based on the latest Census information (in this case Census 2022) it reveals the profile of communities across Ireland. The Pobal HP Deprivation Index uses data from Census 2022, analysing ten measures of an area’s levels of disadvantage. These include educational attainment, employment status and the numbers living in individual households.",1,1,1,1,1,1,1,1,1,1,2,2,1,15,13,1.15,11,2,0,0,
included,DEMOGRAPHICS,DEMO6,Population demographics,Ethnicity of those aged 65 years and over,,The ethnic background or identity of people aged 65 years and over.,1,1,1,1,1,1,2,1,1,1,1,2,1,15,13,1.15,11,2,0,0,
included,HEALTH BEHAVIOURS,BEHV15,"Smoking, alcohol and lifestyle",Persons who smoke: Proportion of population aged 65 years and over who smoked tobacco. (Displayed as: Yes - daily;  Yes - occasionally; No - have given up smoking; Never),ok to leave in reference to 'Displayed as: Yes - daily;  Yes - occasionally; No - have given up smoking; Never)_,"The percentage of  people  aged 65 years and over who currently smoke, used to smoke, or have never smoked.",1,1,1,2,1,1,1,1,1,1,1,1,2,15,13,1.15,11,2,0,0,
included,HEALTH STATUS,STAT39,Falls and mobility,Percentage of older adults (aged 65 years and over) who reported a fall in the previous two years,,The proportion of adults aged 65 years and over who said they had a fall or trip in the last two years.,1,1,1,2,1,1,1,1,1,1,1,2,1,15,13,1.15,11,2,0,0,
included,HEALTHCARE USE,HUSE42,Hospital admissions,Number of inpatient stays in older adults aged 65 years and over in the last year,,The number of times people aged 65 years and over were admitted to hospital and stayed overnight in the past year.,2,1,1,1,1,1,2,1,1,1,1,1,1,15,13,1.15,11,2,0,0,
included,HEALTHCARE USE,HUSE43,Hospital admissions,Length of inpatient stays  in older adults aged 65 years and over in the last year,,The average number of days that adults aged 65 years and over spent in hospital during inpatient admissions during the last year,2,1,1,1,1,1,2,1,1,1,1,1,1,15,13,1.15,11,2,0,0,
included,VULNERABLE GROUPS,VULN7,Living arrangements,Number of persons aged 65 years and over usually resident in a nursing home home/residential facility or hospital by sex and census year,,The number of people aged 65 years and older who live long-term in care facilities or hospitals.,2,1,2,1,1,1,1,1,1,1,1,1,1,15,13,1.15,11,2,0,0,
included,CHRONIC DISEASES,CHRD2,Cardiovascular conditions,Percentage of older adults aged 65 years and over who have a cardiovascular disease,,"The proportion of adults aged 65 years and over who have a heart-related illness such as heart attack, angina, or stroke.",1,1,1,3,2,1,1,1,1,1,1,1,1,16,13,1.23,11,1,1,0,
included,CHRONIC DISEASES,CHRD3,Pain,Percentage of older adults aged 65 years and over who report severe or moderate pain most of the time,,The percentage of people aged 65 years and over who regularly experience moderate or severe pain.,1,1,1,3,1,1,1,1,1,1,1,2,1,16,13,1.23,11,1,1,0,
included,CHRONIC DISEASES,CHRD5,Mental health,Percentage of older adults aged 65 years and over with depression (CESD-8),,"The percentage of adults aged 65 years and over who report symptoms of depression, measured using a standard survey tool.",1,1,2,3,1,1,1,1,1,1,1,1,1,16,13,1.23,11,1,1,0,
included,HEALTHCARE USE,HUSE41,Outpatient visits,Number of outpatient visits in older adults aged 65 years and over in the last year,,"The number of times adults aged 65 years and over attended hospital appointments, but without being admitted overnight, in the past year.",3,1,1,2,1,1,1,1,1,1,1,1,1,16,13,1.23,11,1,1,0,
included,HOUSING AND ENVIRONMENT,HOUS3,Living arrangements,Number of Persons aged 65 years and over living alone in private households ,,The number of adults aged 65 years and over who live by themselves in their own home or apartment.,1,1,1,1,1,2,1,1,1,1,1,1,3,16,13,1.23,11,1,1,0,
included,HOUSING AND ENVIRONMENT,HOUS4,Living arrangements,Percentage of persons aged 65 years and over living alone in private households,,The percentage of adults aged 65 years and overwho live alone in private homes.,1,1,1,1,2,1,1,1,1,1,1,1,3,16,13,1.23,11,1,1,0,
included,HEALTHCARE USE,HUSE40,Emergency department use,Number of Emergency Department visits in older adults aged 65 years and over in the last year,,The number of times people aged 65 years and over went to the hospital Emergency Department in the past year.,2,1,1,1,1,1,1,1,1,1,1,4,1,17,13,1.31,11,1,0,1,
included,HEALTH STATUS,STAT9,Population demographics,Percentage of Persons aged 65 years and over with a Disability ,,The percentage of adults aged 65 years and over who report having a disability that affects their daily life.,1,1,1,3,1,0,1,1,1,1,1,1,1,14,12,1.17,11,1,0,0,
included,HEALTH STATUS,STAT1,Loneliness and wellbeing,Healthy Life Years (HLY) at age 65 years,,The number of years a person aged 65 years can expect to live in good health without a serious illness or disability.,3,1,1,3,1,1,1,1,1,1,1,1,1,17,13,1.31,11,0,2,0,
included,CHRONIC DISEASES,CHRD1,Frailty and multimorbidity,Percentage of older adults aged 65 years and over who have a chronic disease,,"The proportion of  people aged 65 years and over living with one or more long-term health conditions such as diabetes, arthritis, or heart disease.",1,1,1,3,1,1,1,1,1,1,1,4,1,18,13,1.38,11,0,1,1,
included,HEALTHCARE USE,HUSE34,Home and community supports,Percentage of older adults aged 65 years and over who are in receipt of home help,,"The percentage of people aged 65 years and over receiving basic support services at home like cleaning, shopping, or help with daily tasks.",1,1,1,1,1,0,1,1,1,1,1,2,1,13,12,1.08,11,0,0,0,
included,HEALTHCARE USE,HUSE36,Home and community supports,Percentage of older adults aged 65 years and over who are in receipt of Meals-on-Wheels,,The percentage of adults aged 65 years and over who receive ready-to-eat meals delivered to their homes.,2,1,2,1,1,1,1,1,1,1,1,2,1,16,13,1.23,10,3,0,0,
included,DEMOGRAPHICS,DEMO2,Population demographics,Projected population aged 65 years and over by age group and year using the M2 projection scenario ,Explanation of M2 project scenario definition. DMcK done. Decision made 01.07.25 to remove ('000),"Estimated future numbers of people aged 65 years and over based on national population projections (M2 scenario). M2 assumption for population projection: this is an assumption for the purposes of predicting population growth, in which the presumed migration is at a moderate level.",1,1,1,1,3,1,2,2,1,1,1,1,1,17,13,1.31,10,2,1,0,
duplicate,HEALTH STATUS,STAT11,,Percentage of people 65 and above with a confirmed long-term condition,This is a duplicate - delete it ,,2,1,1,2,1,1,1,1,1,3,1,1,1,17,13,1.31,10,2,1,0,
included,HEALTH STATUS,STAT21,Vision and hearing,Number of people aged aged 65 years and over who are blind or have a visual impairment,,The number of people aged 65 years and over who report being blind or having difficulty seeing even with glasses.,1,1,1,1,3,1,2,1,1,1,2,1,1,17,13,1.31,10,2,1,0,
included,HEALTHCARE USE,HUSE39,Primary and community care,Number of GP visits in older adults aged 65 years and over in the last year,,The number of times people aged 65 years and over visited a general practitioner (GP) in the past year.,3,1,1,2,1,1,2,1,1,1,1,1,1,17,13,1.31,10,2,1,0,
included,HEALTHCARE USE,HUSE2,Hospital admissions,Percentage of people aged 65 years and over who have been admitted to hospital as an inpatient by sex and year,,"The percentage of adults aged 65 years and over who were admitted to hospital overnight or longer, shown by sex and year.",2,1,1,1,1,0,1,1,1,1,1,1,2,14,12,1.17,10,2,0,0,
included,HEALTHCARE USE,HUSE7,Primary and community care,Number of people aged 65 years and over in receipt of home support - OP54,,The number of adults aged 65 years and over who receive formal home support services under the OP54 national reporting measure.,1,1,1,2,1,0,1,1,1,1,1,1,2,14,12,1.17,10,2,0,0,
included,VULNERABLE GROUPS,VULN10,Intellectual disability,Number of people with an intellectual disability aged 65 years and over,,The number of adults aged 65 years and over who have a diagnosed intellectual disability.,2,1,1,2,1,1,1,0,1,1,1,1,1,14,12,1.17,10,2,0,0,
included,CHRONIC DISEASES,CHRD6,"Smoking, alcohol and lifestyle",Percentage of older adults aged 65 years and over who report problematic alcohol use (CAGE measure),change 'ho' to 'who',The percentage of adults aged 65 years and over who may have alcohol-related problems based on the CAGE screening questionnaire.,1,1,1,3,1,1,1,1,1,1,1,3,2,18,13,1.38,10,1,2,0,
included,HEALTHCARE USE,HUSE1,Primary and community care,Percentage of people aged 65 years and over with a GP Visit card or Medical Card,,The proportion of  adults aged 65 years and over who are eligible for free or subsidised healthcare under state schemes.,3,1,1,1,1,0,2,1,1,1,1,1,1,15,12,1.25,10,1,1,0,
included,HEALTHCARE USE,HUSE33,Medication and prescribing,Percentage of older adults aged 65 years and over who are taking five or more medications,,The proportion of adults aged 65 years and over who are on five or more prescribed medications (known as polypharmacy).,1,3,1,2,1,0,1,1,1,1,1,1,1,15,12,1.25,10,1,1,0,
included,HEALTH STATUS,STAT33,Population demographics,Population by general health.  Self-reported general health of older adults aged 65 years and over (Displayed  as: Very good; Good; Fair; Bad; Very bad; Not stated),,"The proportion of adults aged 65 years and over who rate their own general health, from very good to very bad.",2,1,1,1,1,1,1,1,1,1,4,4,1,20,13,1.54,10,1,0,2,
included,HEALTHCARE USE,HUSE10,Cardiovascular conditions,"Ischaemic stroke discharge rate per 1,000 population aged 65 years and over",Discharge rate had (65+) included; changed to aged 65 years and over - amend definition ,"The number of adults aged 65 years and over who have been discharged from hospital after a stroke caused by a blocked artery, per 1,000 population aged 65 years and over.",1,1,1,1,3,0,1,1,1,1,1,3,1,16,12,1.33,10,0,2,0,
included,HOUSING AND ENVIRONMENT,HOUS1,Living arrangements,Housing tenure status by age group of reference person and census year,,"The proportion of adults aged 65 years and over who own or rent their home, or have another housing arrangement, by age group.",2,1,1,2,1,1,1,1,1,1,2,1,2,17,13,1.31,9,4,0,0,
included,DEMOGRAPHICS,DEMO13,Caregiving,"Carers by sex: Proportion of the population aged 65 years and over providing regular unpaid care or support to a family member, neighbour or friend with a long-term illness, old age or a disability. Displayed as: Female; Male. ",,"The proportion of people aged 65 years and over who regularly provide unpaid care or help, shown separately for men and women.",3,1,2,2,1,1,2,1,1,1,1,1,1,18,13,1.38,9,3,1,0,
included,DEMOGRAPHICS,DEMO15,Socioeconomic status,Proportion of Population aged 65 years and over by social class and sex.,,"The proportion of people aged 65 years and over, by occupational social class and sex.",1,1,1,2,2,2,1,1,1,1,1,3,1,18,13,1.38,9,3,1,0,
duplicate,DEMOGRAPHICS,DEMO9,,Number and proportion of population aged 65 years and over (projected),This is a duplicate - delete it ,,1,1,1,3,1,2,2,2,1,1,1,1,1,18,13,1.38,9,3,1,0,
included,HEALTH BEHAVIOURS,BEHV16,Vaccinations,Percentage of older adults aged 65 years and over who have had a flu vaccine in the previous two years,,The proportion of people aged 65 years and over who received a flu vaccine in the last two years.,1,1,1,2,1,1,2,1,2,3,1,1,1,18,13,1.38,9,3,1,0,
included,VULNERABLE GROUPS,VULN6,"Smoking, alcohol and lifestyle",Smoking prevalence among Travellers aged 65 years and over,,The proportion of adults aged 65 years and over in the Traveller community who currently smoke.,1,1,1,2,2,1,1,1,1,1,3,1,2,18,13,1.38,9,3,1,0,
included,HEALTHCARE USE,HUSE44,Cardiovascular conditions,"Congestive Heart Failure discharge rate per 1,000 population aged 65 years and over",remove word and bracket - (ACS condition) and add age cohort aged 65 years and over,"The number of hospital discharges of people with heart failure aged 65 years and over, per 1,000 population.",1,2,1,1,3,1,1,1,3,1,1,2,1,19,13,1.46,9,2,2,0,
included,FINANCES,FINA2,Socioeconomic status,"Percentage of people aged 65 years and over who are At Risk of Poverty (The at-risk-of-poverty rate measures the percentage of people whose income falls below a set threshold, typically 60% of the national median income)",,"The proportion of adults aged 65 years and over whose income is below the poverty threshold, typically 60% of the median income.",1,1,1,2,1,1,2,1,1,0,1,1,3,16,12,1.33,9,2,1,0,
included,HEALTHCARE USE,HUSE4,Emergency department use,Number of ED attendances,"remove temporarily for delphi survey - and revisit for inclusion in the DATA CATALOGUE.
delete HUSE4 (Core indicators) - no time period given; HUSE40 (TILDA) is the same indicator, but with a time line 'within the last year)",Number of times people aged 65 years and over went to an Emergency Department.,2,1,1,2,1,0,3,1,1,1,1,1,1,16,12,1.33,9,2,1,0,
included,HEALTHCARE USE,HUSE11,Cardiovascular conditions,"Haemorrhagic stroke discharge rate for  per 1,000 population aged 65 years and over",Discharge rate had (65+) included; changed to aged 65 years and over,"The number of hospital discharges of people aged 65 years and over with stroke caused by bleeding in the brain, per 1,000 population",1,1,1,1,3,0,1,3,1,1,1,4,1,19,12,1.58,9,2,0,1,
duplicate,HEALTH STATUS,STAT2,,"Percent of persons over 65+ who are underweight, normal weight, overweightor obese",This is a duplicate - delete it,,1,1,2,3,1,1,1,1,1,3,3,1,1,20,13,1.54,9,1,3,0,
included,HEALTHCARE AVAILABILITY AND INTEGRATION,HAVA1,Caregiving,Percentage of older adults aged 65 years and over who report unmet need for a community care service,,"The proportion of people aged 65 years and over who needed, but didn't get, services like home help or community nursing.",3,1,2,1,4,1,1,1,1,1,1,3,1,21,13,1.62,9,1,2,1,
included,HEALTHCARE USE,HUSE9,Cardiovascular conditions,"Ischaemic heart disease discharge rate per 1,000 population aged 65 years and over",Discharge rate had (65+) included; changed to aged 65 years and over,"The number of hospital discharges of people aged 65 years and over with stroke caused by blockage or narrowing of arteries, per 1,000 population",1,1,1,2,3,0,1,1,1,1,1,3,1,17,12,1.42,9,1,2,0,
included,DEMOGRAPHICS,DEMO14,Socioeconomic status,Population aged 65 years and over  by principal economic status: At work; Looking for first regular job; Unemployed short term; Unemployed long term; Student; Looking after home/family; Retired; Unable to work due to permanent sickness or disability; Other.,,"The proportion of adults aged 65 years and over who are retired, still working, unemployed, unable to work due to illness, or in other categories.",2,1,1,2,1,1,1,2,1,1,2,2,1,18,13,1.38,8,5,0,0,
included,PROVIDING CARE,PROV2,Caregiving,"Percentage of people aged 65 years and over who do provide care and are providing it to a family member
",changed to aged 65 years and over,"Among carers aged 65 years and over, the percentage who provide care to a family member.",2,1,1,1,2,2,2,1,1,1,1,1,2,18,13,1.38,8,5,0,0,
included,VULNERABLE GROUPS,VULN8,Caregiving,Number of persons funded under Nursing Home Support Scheme (NHSS) in long term residential care,,The number of people aged 65 years and over who are in long-term care funded by the Nursing Home Support Scheme.,2,1,2,2,2,1,2,1,1,1,1,1,1,18,13,1.38,8,5,0,0,
included,HEALTH STATUS,STAT14,Loneliness and wellbeing,Percentage of people aged 65 years and over who rate their quality of life as good or very good,changed to aged 65 years and over,The percentage of adults aged 65 years and over  who feel they have a good or very good quality of life.,1,1,1,2,1,3,2,2,1,2,1,1,1,19,13,1.46,8,4,1,0,
included,HEALTH STATUS,STAT15,Loneliness and wellbeing,Percentage of people aged 65 years and over who rate their quality of life as poor or very poor,changed to aged 65 years and over,The percentage of adults aged 65 years and over who feel they have a poor or very poor quality of life.,1,1,1,2,1,3,2,2,1,2,1,1,1,19,13,1.46,8,4,1,0,
included,HOUSING AND ENVIRONMENT,HOUS2,Living arrangements,Number of Persons aged 65 years and over in Private Households ,,"The number of adults aged 65 years and over living private homes, as opposed to institutional settings such as nursing homes.",2,1,1,2,1,2,2,1,1,1,1,1,3,19,13,1.46,8,4,1,0,
included,HEALTH STATUS,STAT36,Falls and mobility,"Proportion of the population aged 65 years and over who have a difficulty with basic physical activities such as walking, climbing stairs, reaching, lifting or carrying (Yes, to a great extent, Yes to some extent, No)",proportion,"The proportion of adults aged 65 years and over who report difficulty with activities like walking, lifting or climbing stairs.",2,1,1,2,1,1,1,1,1,1,4,2,2,20,13,1.54,8,4,0,1,
included,HEALTH STATUS,STAT37,ADLs & IADLs,"Proportion of the population aged 65 years and over, as a result of a long-lasting condition, have difficulty doing any of the following: Dressing, bathing or getting around inside the home; Going outside the home to shop or visit a doctor’s surgery; Working at a job or business or attending school or college; Participating in other activities, for example leisure or using transport. ",,The proportion of adults aged 65 years and over who have trouble doing everyday tasks (like dressing or going out) due to a long-term health issue.,2,1,1,2,1,1,1,1,1,1,2,4,2,20,13,1.54,8,4,0,1,
included,HEALTHCARE USE,HUSE37,Day and community centre use,Percentage of older adults aged 65 years and over who attend Day Centre Servcies ,,"The proportion of people aged 65 years and over who use community day centres for social, health, or support services.",2,1,2,1,1,1,2,1,4,1,1,2,1,20,13,1.54,8,4,0,1,
included,VULNERABLE GROUPS,VULN16,Intellectual disability,Percentage of people aged 65 years and over  with an intellectual disability who report their health on a scale of very good to very bad,,The degree to which people with an intellectual disability who are aged 65 years and over rate their own health as good or bad.,1,1,1,2,2,1,2,0,1,1,2,1,1,16,12,1.33,8,4,0,0,
included,CONNECTIONS AND PARTICIPATION,CONN3,Social participation,Percentage of those 60 years and over who used the internet in the last 3 months,,The percentage of people aged 60 years and over who have used the internet in the past three months.,3,1,1,3,1,1,2,1,1,1,1,2,2,20,13,1.54,8,3,2,0,
included,HEALTH BEHAVIOURS,BEHV1,Screening and preventive checks,Preventative Measures in the last 12 months of persons aged 65 years and over - Had blood pressure measured,Duplicate:   BEHV1 B.P measurement - Irish health Survey; ,The proportion of adults aged 65 years and over who had their blood pressure checked in the past year.,1,1,1,3,1,2,2,1,3,2,1,1,1,20,13,1.54,8,3,2,0,
included,HEALTH BEHAVIOURS,BEHV21,Screening and preventive checks,Percentage women aged 65 years and over who have had a Mammogram/X-ray,,The proportion of women aged 65 years and over who have had a breast cancer screening test.,1,1,2,3,2,1,1,1,1,3,1,2,1,20,13,1.54,8,3,2,0,
included,HEALTH BEHAVIOURS,BEHV3,Diabetes and metabolic conditions,Preventative Measures in the last 12 months of persons aged 65 years and over - Had blood sugar measured,,The proportion of adults aged 65 years and over who had their blood sugar checked in the past year.,1,1,1,3,1,2,2,1,3,2,1,1,1,20,13,1.54,8,3,2,0,
included,HEALTH BEHAVIOURS,BEHV7,"Smoking, alcohol and lifestyle","Percentage of people aged 65 years and over who drink more than once per week, only once per week, 1-3 times per month, who have not drank in a month or longer, who have never drank ",changed to aged 65 years and over;  Change 'ho have not drank' to 'who have not drank',"The proportion of adults aged 65 years and over who drink alcohol, in categories ranging from never to more than once a week.",1,1,2,2,1,1,1,1,1,3,2,1,3,20,13,1.54,8,3,2,0,
included,CHRONIC DISEASES,CHRD4,Memory and cognition,Percentage of older adults aged 65 years and over who show evidence of mild cognitive impairment,,The proportion of people aged 65 years and over with early signs of memory or thinking difficulties.,2,1,2,4,1,1,2,1,1,1,1,3,1,21,13,1.62,8,3,1,1,
included,HEALTH BEHAVIOURS,BEHV12,"Smoking, alcohol and lifestyle",Percentage of people aged 65 years and over who use e-cigarettes,,The proportion of adults aged 65 years and over who currently use electronic cigarettes or vaping devices.,2,1,1,4,2,1,1,1,1,1,1,3,2,21,13,1.62,8,3,1,1,
included,HEALTH STATUS,STAT28,Vision and hearing,Number of people aged 65 years and over who are deaf or have a hearing impairment by sex,"CHECK WITH DMcK:  ???Duplicate STAT28 (row 68) and STAT27 (row 79); both sources core indicators; STAT 28 is by sex, whereas STAT 27 is the whole population","The number of people aged 65 years and over with hearing difficulties, broken down by sex.",1,1,1,2,2,1,1,1,1,2,4,1,3,21,13,1.62,8,3,1,1,
included,HEALTH STATUS,STAT34,Population demographics,Population by general health - female. Self-reported general health of adults aged 65 years and over (Displayed  as: Very good; Good; Fair; Bad; Very bad; Not stated),,"The proportion of women aged 65 years and over who rate their general health in categories, from very good to very bad.",3,1,1,2,2,1,2,1,1,1,1,4,1,21,13,1.62,8,3,1,1,
included,HEALTH STATUS,STAT35,Population demographics,Population by general health - Male. Self-reported general health of adults aged 65 years and over (Displayed  as: Very good; Good; Fair; Bad; Very bad; Not stated),,"The proportion of men aged 65 years and over who rate their general health in categories, from very good to very bad.",3,1,1,2,2,1,2,1,1,1,1,4,1,21,13,1.62,8,3,1,1,
included,VULNERABLE GROUPS,VULN9,Living arrangements,Number of Nursing Home Support Scheme (NHSS) beds in public long stay units,,The number of publicly funded beds available under the NHSS for long-term residential care.,2,1,2,3,2,1,1,1,1,1,1,4,1,21,13,1.62,8,3,1,1,
included,HEALTH BEHAVIOURS,BEHV19,Screening and preventive checks,Percentage men aged 65 years and over who have had a prostate exam in the previous 2 years,TB check tILDA questionwith Mark ward - wave 5 2018. :  BEHV19 is TILDA source: check timelines - in the last 2 years??,The proportion of men aged 65 years and over who have been screened for prostate health by means of a prostate examination,1,1,2,4,2,1,1,1,1,1,4,2,1,22,13,1.69,8,3,0,2,
included,HEALTH STATUS,STAT22,Vision and hearing,Number of people aged 65 years and over  who are blind or have a visual impairment by sex,,"The number of adults aged 65 years and over with serious sight loss, shown by sex.",3,1,1,3,2,1,1,1,1,2,4,1,1,22,13,1.69,8,2,2,1,
included,HEALTH STATUS,STAT40,ADLs & IADLs,Percentage of older adults aged 65 years and over who report limitations in Activites in Daily Living (ADLs),,"The proportion of people aged 65 years and over who need help with everyday personal care tasks like bathing, dressing, or eating.",2,1,1,2,1,3,1,1,1,3,1,4,1,22,13,1.69,8,2,2,1,
included,HEALTHCARE USE,HUSE29,Respiratory conditions,"Lower respiratory infection discharge rate per 1,000 population aged 65 years and over",Discharge rate had (65+) included; changed to aged 65 years and over,"The number of hospital discharges for lung infections (like bronchitis or pneumonia) per 1,000 adults aged 65 years and over.",1,1,1,1,3,0,2,3,1,1,1,2,1,18,12,1.50,8,2,2,0,
included,HEALTHCARE USE,HUSE30,Falls and mobility,"Falls discharge rate per 1,000 population aged 65 years and over",Discharge rate had (65+) included; changed to aged 65 years and over,"The number of hospital discharges due to falls per 1,000 adults aged 65 years and over",1,1,1,2,3,0,1,3,1,1,1,2,1,18,12,1.50,8,2,2,0,
included,HEALTHCARE USE,HUSE24,Memory and cognition,"Alzheimer's disease discharge rate per 1,000 population aged 65 years and over",Discharge rate had (65+) included; changed to aged 65 years and over,"The number of hospital discharges for Alzheimer's disease per 1,000 adults aged 65 years and over",1,1,1,2,3,0,1,3,1,1,1,2,1,18,12,1.50,8,2,1,0,
included,HEALTHCARE USE,HUSE3,Caregiving,Percentage of people aged 65 and over who have been admitted as a day case by sex and year,changed to aged 65 years and over,"The proportion of adults aged 65 years and over who were admitted to hospital for day-only care, by sex and year.",3,1,1,1,2,0,1,1,1,1,1,4,2,19,12,1.58,8,2,0,2,
duplicate,HEALTH STATUS,STAT27,Vision and hearing,Number of people aged 65 years and over who are deaf or have a hearing impairment,"Deciosn 1.07.25 5o use muber and sex 
CHECK WITH DMcK:  ???Duplicate STAT28 (row 68) and STAT27 (row 79); both sources core indicators; STAT 28 is by sex, whereas STAT 27 is the whole population",The number of adults aged 65 years and over who report difficulty hearing.,1,1,1,3,3,1,2,1,1,1,4,1,3,23,13,1.77,8,1,3,1,
included,HEALTHCARE USE,HUSE45,Respiratory conditions,"Pneumonia discharge rate per 1,000 population aged 65 years and over",remove word and bracket - (ACS condition) and add age cohort aged 65 years and over,"The number of hospital discharges due to pneumonia per 1,000 people aged 65 years and over.",1,2,1,1,3,1,1,3,3,1,1,4,1,23,13,1.77,8,1,3,1,
included,DEMOGRAPHICS,DEMO3,Population demographics,Projected Dependency Ratios from 2022,definiton for projected dependency ratio - DMk- done,"Estimates showing the possible future number of people aged 65 years and over, compared to those of working age, used to plan future services. Dependency ratio: The dependency ratio is a demographic indicator that compares the number of people considered to be dependents (too young or too old to be in the workforce) to the number of people considered to be in the working-age population. It essentially measures the burden on the working population to support the non-working age groups ( can be calculated by adding people aged 0-15 to those aged 65+ and dividing the whole lot by people aged 16-64 years)",1,1,1,2,1,1,0,3,1,1,3,3,1,19,12,1.58,8,1,3,0,
duplicate - remove TILDA,HEALTH BEHAVIOURS,BEHV18,Diabetes and metabolic conditions,Percentage of older adults aged 65 years and over who have had a blood test for cholesterol (IN THE PAST YEAR?),DELETE for delphi but re-consider after delphi- and used HIS_  BEHV18 - tilda source - no time given,The proportion of adults aged 65 years and over who had their cholesterol checked in the past year.,1,1,1,4,2,1,3,1,1,3,1,4,1,24,13,1.85,8,1,2,2,
included,HEALTHCARE USE,HUSE12,Cardiovascular conditions,"Hypertensive heart disease discharge rate for per 1,000 population aged 65 years and over",Discharge rate had (65+) included; changed to aged 65 years and over,"The number of hospital discharges for hypertensive heart disease per 1,000 adults aged 65 years and over",1,1,1,2,3,0,1,3,1,1,1,4,1,20,12,1.67,8,1,2,1,
included,HEALTHCARE USE,HUSE13,Cancer,"Tracheal, bronchial and lung cancer discharge rate for per 1,000 population aged 65 years and over",Discharge rate had (65+) included; changed to aged 65 years and over,"The number of hospital discharges due to cancers of the lung and airways per 1,000 adults aged 65 years and over",1,1,1,2,3,0,1,3,1,1,1,4,1,20,12,1.67,8,1,2,1,
included,HEALTHCARE USE,HUSE14,Cancer,"Breast cancer discharge rate per 1,000 population aged 65 years and over",Discharge rate had (65+) included; changed to aged 65 years and over,"The number of hospital discharges for breast cancer per 1,000 adults aged 65 years and over",1,1,1,2,3,0,1,3,1,1,1,4,1,20,12,1.67,8,1,2,1,
included,HEALTHCARE USE,HUSE15,Cancer,"Colorectal cancer discharge rate per 1,000 population aged 65 years and over",Discharge rate had (65+) included; changed to aged 65 years and over,"The number of hospital discharges for colon or rectal cancer per 1,000 adults aged 65 years and over",1,1,1,2,3,0,1,3,1,1,1,4,1,20,12,1.67,8,1,2,1,
included,HEALTHCARE USE,HUSE22,Diabetes and metabolic conditions,"Diabetes discharge rate per 1,000 population aged 65 years and over",Discharge rate had (65+) included; changed to aged 65 years and over,"The number of hospital discharges related to diabetes per 1,000 adults aged 65 years and over",1,1,1,2,3,0,1,3,1,1,1,4,1,20,12,1.67,8,1,2,1,
included,HEALTHCARE USE,HUSE23,Kidney and urinary,"Chronic kidney disease discharge rate per 1,000 population aged 65 years and over",Discharge rate had (65+) included; changed to aged 65 years and over,"The number of hospital discharges for long-term kidney disease per 1,000 adults aged 65 years and over",1,1,1,2,3,0,1,3,1,1,1,4,1,20,12,1.67,8,1,2,1,
included,VULNERABLE GROUPS,VULN5,Population demographics,Travellers  aged 65 years and over self-reported general health (very bad to very good),,The proportion of adults aged 65 years and over in the Traveller community who rate their general health in categories from very bad to very good,1,1,1,2,2,1,2,1,1,1,2,2,2,19,13,1.46,7,6,0,0,
included,HEALTH STATUS,STAT38,Memory and cognition,"Proportion of the population aged 65 years and over who have a difficulty with learning, remembering or concentrating.",CHECK WITH DMcK:  Proportion Vs Percentage,The proportion of people aged 65 years and over who report problems with memory or thinking.,2,1,1,3,1,1,1,2,1,1,2,2,2,20,13,1.54,7,5,1,0,
duplicate,HEALTH STATUS,STAT44,,Average self-reported loneliness among older adults (65+)(UCLA loneliness),delete and use alternative. On 290525- expert panel advised against Stat44 'Average self-reported loneliness' and instead use STAT 45 'Frequency of Loneliness in a week',"A measure of how lonely older people feel, based on responses to the UCLA Loneliness Scale.",2,1,1,2,1,1,1,1,1,3,2,2,2,20,13,1.54,7,5,1,0,
included,HEALTH STATUS,STAT5,ADLs & IADLs,Proportion of persons aged 65 years and over with personal care difficulties ,changed to 'aged' 65 years and over';  CHECK WITH DMcK:  Proportion Vs Percentage,"The percentage of people aged 65 years and over who have trouble with daily personal tasks like washing, dressing, or using the toilet.",2,1,1,3,2,1,1,1,1,2,2,1,2,20,13,1.54,7,5,1,0,
included,HEALTH STATUS,STAT6,ADLs & IADLs,Proportion of persons aged 65 and over who would usually receive help for at least one activity ,changed to 'aged' 65 years and over'; CHECK WITH DMcK:  Proportion Vs Percentage,The proportion of adults aged 65 years and over who get help from others for at least one daily activity.,2,1,1,3,1,1,1,1,1,2,2,2,2,20,13,1.54,7,5,1,0,
included,PROVIDING CARE,PROV3,Caregiving,Proportion of those 65 and over who are providing less than 10 hours of care per week,changed to 65 years and over; CHECK WITH DMcK:  Proportion Vs Percentage,The percentage of adults aged 65 years and over who provide unpaid care for less than 10 hours a week.,3,1,2,1,1,2,1,2,1,1,1,2,2,20,13,1.54,7,5,1,0,
included,PROVIDING CARE,PROV4,Caregiving,Percentage of those 65 and over who are providing at least 10 but less than 20 hours of care per week,changed to 65 years and over; ,The percentage of adults aged 65 years and over providing 10 to 19 hours of unpaid care each week.,3,1,2,1,1,2,1,2,1,1,1,2,2,20,13,1.54,7,5,1,0,
included,PROVIDING CARE,PROV5,Caregiving,Percentage of those 65 and over who are providing care  20 hours per week or more,changed to 65 years and over; ,The percentage of adults aged 65 years and over providing 20 or more hours of unpaid care weekly.,3,1,2,1,1,2,1,2,1,1,1,2,2,20,13,1.54,7,5,1,0,
included,HEALTHCARE USE,HUSE5,Emergency department use,"Percentage of ED attendances among people aged 65 years and over that are converted to hospital admissions, by year",changed to 65 years and over; ,The percentage of Emergency Department visits among people aged 65 years and over that result in a hospital admission in a given year.,2,1,2,2,1,0,2,2,1,1,1,1,1,17,12,1.42,7,5,0,0,
included,HEALTH BEHAVIOURS,BEHV2,Screening and preventive checks,Preventative Measures in the last 12 months of persons aged 65 years and over - Had blood cholesterol measured,RETAIN BEHV2  cholesterol indicator. Source is Irish health survey.,The proportion of adults aged 65 years and over who had their cholesterol levels checked in the last year.,1,1,1,3,2,2,2,1,3,2,1,1,1,21,13,1.62,7,4,2,0,
included,VULNERABLE GROUPS,VULN4,Population demographics,Travellers aged 65 years and over experiencing at least one long-lasting condition or difficulty to any extent,,The percentage of Travellers aged 65 years and over who report at least one ongoing illness or disability.,1,1,2,3,2,1,2,1,1,1,3,1,2,21,13,1.62,7,4,2,0,
included,VULNERABLE GROUPS,VULN13,Socioeconomic status,Deprivation level of people aged 65 years and over with an intellectual disability (%),,The percentage of people with an intellectual disability aged 65 years and over living in an area who are in different categories of deprivation/disadvantaged,1,1,1,2,2,1,1,0,1,2,3,2,1,18,12,1.50,7,4,1,0,
included,HEALTH BEHAVIOURS,BEHV17,Socioeconomic status,Percentage of older adults  aged 65 years and over who have had a COVID vaccine in the previous two years,TB to check and clairfy with Mark Ward TILDA.  Check if the Covid vaccination was within the previous 2 years?,The proportion of adults aged 65 years and over who have received a COVID-19 vaccination.,1,1,1,3,3,1,2,1,2,3,1,2,1,22,13,1.69,7,3,3,0,
duplicate,HEALTHCARE USE,HUSE47,,"Angina discharge rate per 1,000 population (ACS Condition)",This is a duplicate - delete it,,2,2,1,1,3,1,1,3,3,1,1,2,1,22,13,1.69,7,3,3,0,
included,HEALTHCARE USE,HUSE49,Hospital admissions,"Influenza discharge rate per 1,000 population  for those aged 65 years and over ",remove word and bracket - (ACS condition) and add age cohort aged 65 years and over,"The number of hospital discharges for flu per 1,000 adults aged 65 years and over ",2,2,1,1,3,1,1,3,3,1,1,2,1,22,13,1.69,7,3,3,0,
duplicate,HEALTHCARE USE,HUSE51,,"UTI discharge rate per 1,000 population (ACS Condition)",This is a duplicate - delete it,,2,2,1,1,3,1,1,3,3,1,1,2,1,22,13,1.69,7,3,3,0,
included,HEALTHCARE USE,HUSE27,Respiratory conditions,"Asthma discharge rate per 1,000 population for those aged 65 years and over",,"The number of hospital discharges for asthma per 1,000 adults aged 65 years and over",1,1,1,2,3,0,2,3,1,1,1,2,1,19,12,1.58,7,3,2,0,
included,VULNERABLE GROUPS,VULN11,Intellectual disability,Gender breakdown of people  with an intellectual disability over 65 (%),CHECK WITH DMcK:  Proportion Vs Percentage,"The percentage of people aged 65 years and over with an intellectual disability, categorised  by sex.",3,2,1,3,2,1,2,0,1,1,1,1,1,19,12,1.58,7,3,2,0,
included,CONNECTIONS AND PARTICIPATION,CONN4,Loneliness and wellbeing,Percentage of individuals aged 65 years and above who are feeling lonely by frequency and year,,"The percentage of adults aged 65 years and over who report feeling lonely, shown by year.",2,1,1,2,1,1,1,1,4,3,1,4,2,24,13,1.85,7,3,1,2,
included,FINANCES,FINA3,Socioeconomic status,"Consistent Poverty Rate for those aged 65 years and over, expressed as a percentage",,The percentage of adults aged 65 years and over who live below the poverty line and  who lack basic necessities.,1,1,1,2,1,1,2,1,1,2,4,4,3,24,13,1.85,7,3,1,2,
included,HEALTH STATUS,STAT43,"Smoking, alcohol and lifestyle","Percentage of older adults aged 65 years and over with low, medium and high physical activity levels (Short IPAQ questionnaire)",,The percentage of people aged 65 years and older who report different physical activity levels,3,1,2,2,1,1,1,1,1,1,4,4,2,24,13,1.85,7,3,1,2,
included,HEALTHCARE USE,HUSE46,Hospital admissions,"Dehydration discharge rate per 1,000 population  aged 65 years and over",remove word and bracket - (ACS condition) and add age cohort aged 65 years and over,"The number of hospital discharges  for dehydration per 1,000 population aged 65 years and over",2,3,1,1,3,1,1,3,3,1,1,2,1,23,13,1.77,7,2,4,0,
included,HEALTH BEHAVIOURS,BEHV13,"Smoking, alcohol and lifestyle",Percentage of people aged 65 years and above achieving National Physical Activity Guidelines by sex and year,,"The proportion of adults aged 65 years and over meeting official exercise guidelines, categorised by sex and year.",2,1,1,3,1,1,1,1,1,3,4,3,2,24,13,1.85,7,2,3,1,
included,HEALTHCARE USE,HUSE19,Mental health,"Depression and bipolar disorders discharge rate per 1,000 population aged 65 years and over",Discharge rate had (65+) included; changed to aged 65 years and over,"The number of discharges for mental health conditions including depression or bipolar disorder per 1,000 adults aged 65 years and over",1,1,1,2,3,0,2,3,1,1,1,4,1,21,12,1.75,7,2,2,1,
included,HEALTHCARE USE,HUSE20,Mental health,"Anxiety discharge rate per 1,000 population aged 65 years and over",Discharge rate had (65+) included; changed to aged 65 years and over,"The number of hospital discharges rate for anxiety disorders per 1,000 adults aged 65 years and over",1,1,1,2,3,0,2,3,1,1,1,4,1,21,12,1.75,7,2,2,1,
included,HEALTHCARE USE,HUSE21,Mental health,"Schizophrenia discharge rate per 1,000 population aged 65 years and over",Discharge rate had (65+) included; changed to aged 65 years and over,"The number of hospital discharges rate for schizophrenia per 1,000 adults aged 65 years and over",2,1,1,2,3,0,1,3,1,1,1,4,1,21,12,1.75,7,2,2,1,
included,PROVIDING CARE,PROV1,Caregiving,"Percentage of those aged 65 years and over who provide care or assistance to one or more persons suffering from some age related problem, chronic health condition or infirmity, at least once a week",,The proportion of adults aged 65 years and over who regularly help someone with age-related or chronic health issues.,2,1,1,1,1,0,2,1,1,1,3,4,3,21,12,1.75,7,2,2,1,
included,HEALTHCARE USE,HUSE26,Respiratory conditions,"COPD discharge rate per 1,000 population aged 65 years and over",aged 65 years and over,"The number of hospital discharges for chronic obstructive pulmonary disease per 1,000 adults aged 65 years and over",1,1,1,2,3,0,0,3,1,1,1,2,1,17,11,1.55,7,2,2,0,"Above the cut-off point, the majority of voters (7/13) have selected a preferential ""1"" score for these parameters"
excluded,CONNECTIONS AND PARTICIPATION,CONN6,,Proportion of the population 65+ who regularly engage in helping or voluntary work in any of the following activities without pay: A social or charitable organisation; A religious group or church; A sporting organisation; A political organisation; In your community; No.,,,3,1,2,2,1,1,2,1,1,1,2,2,2,21,13,1.62,6,6,1,0,"Below the cut-off point, the minority of voters (6/13) have selected a preferential ""1"" score for these parameters"
excluded,HEALTH BEHAVIOURS,BEHV4,,Preventative Measures in the last 12 months of persons aged 65 years and over - Had a Faecal Occult Test,,,1,1,2,2,2,2,2,1,3,2,1,1,1,21,13,1.62,6,6,1,0,
Maybe,HEALTH STATUS,STAT3,Loneliness and wellbeing,"Percentage of people aged 65 years and above with Low, Medium, High, Not Stated, overall life satisfaction","move to 'included bucket' .  excluded using 'No.1 preference' methodology, but included using 'median' methodology; Decision made 06052025 by MB, DMcK, GS & TB","The percentage of people aged 65 years and over who satisfied are with their life overall, rated from low to high.",2,1,1,3,1,2,2,1,1,2,2,2,1,21,13,1.62,6,6,1,0,
Maybe,HEALTHCARE USE,HUSE8,Home and community supports,Number of persons aged 65 years and over in receipt of Intensive Home Care Packages (IHCP) ,"move to 'included bucket' .  excluded using 'No.1 preference' methodology, but included using 'median' methodology; Decision made 06052025 by MB, DMcK, GS & TB ",The number of adults aged 65 years and over receiving higher-level home care through the IHCP scheme.,1,1,2,2,2,0,1,1,1,1,2,2,2,18,12,1.50,6,6,0,0,
Maybe,DEMOGRAPHICS,DEMO16,Population demographics,Percentage of Population aged 65 years and over by marital status.,move to 'included bucket'.'maybe' requested by clodagh lawlor. ,"The percentage of people aged 65 years and over who are single, married, widowed, divorced, etc.",1,1,2,3,2,2,2,1,1,1,3,2,1,22,13,1.69,6,5,2,0,
Maybe,EDUCATION AND SKILLS ,EDUS2,Socioeconomic status,Percentage of population aged 65 years and over by highest level of education completed,move to 'included bucket'.'maybe' requested by Clodagh Lawlor & Mike O' Callaghan ,"The percentage of adults aged 65 years and over who, during their lifetime, have completed different levels of education.",3,1,2,2,1,1,2,1,1,1,3,2,2,22,13,1.69,6,5,2,0,
Maybe,CONNECTIONS AND PARTICIPATION,CONN7,Social participation,Percentage of older adults aged 65 years and over who engage in one or more social leisure activity at least once a week,,"The percentage of people aged 65 years and over who take part in activities like clubs, hobbies, or social events weekly.",2,1,2,2,1,1,2,1,1,1,3,0,2,19,12,1.58,6,5,1,0,
Maybe,HEALTHCARE USE,HUSE6,Home and community supports,Number of home support hours provided to those aged 65 and over (exclusing provision of hours from Intensive Home Care Packages IHCPs) ,,"Number of  hours of basic support services provided to adults aged 65 years and over, excluding intensive care.",1,2,2,4,1,0,2,1,1,1,2,1,2,20,12,1.67,6,5,0,1,
excluded,VULNERABLE GROUPS,VULN1,,Persons aged 65 years and over who experienced discrimination (%),,The rate of hospital discharges for dementia caused by conditions other than Alzheimerâ€™s.,1,1,1,3,2,1,2,2,1,1,3,2,3,23,13,1.77,6,4,3,0,
excluded,HEALTH BEHAVIOURS,BEHV22,,Percentage women 65+ who check for breast lumps,,Living arrangements of older adults with an intellectual disability.,2,1,2,4,2,1,1,1,1,3,3,2,1,24,13,1.85,6,4,2,1,
excluded,HEALTH STATUS,STAT8,,Percentage of individuals 65 and above who are feeling downhearted or depressed by frequency and year ,This is a duplicate - delete it,The proportion of older adults who have difficulty with tasks like managing money or preparing meals.,1,1,2,3,2,3,1,2,1,2,1,4,1,24,13,1.85,6,4,2,1,
Maybe,HEALTHCARE USE,HUSE25,Memory and cognition,"Dementia due to causes other than Alzheimer's disease discharge rate per 1,000 population aged 65 years and over",aged 65 years and over,"The number of hospital discharges for dementia caused by conditions other than Alzheimer's per 1,000 adults aged 65 years and over",1,1,2,2,3,0,1,3,1,1,2,2,1,20,12,1.67,6,4,2,0,
Maybe,VULNERABLE GROUPS,VULN15,Intellectual disability,Accommodation status of people aged 65 years and over with an intellectual disability (%),????remove %,"The percentage of adults aged 65 years and over with an intellectual disability, categorised by their living arrangements",2,1,2,3,2,1,1,0,1,1,3,2,1,20,12,1.67,6,4,2,0,
excluded,HEALTH STATUS,STAT42,,"Percentage of older adults (65+) who are underweight, overweight and obese",,Rate of hospital discharges for chest pain caused by heart disease among older adults.,2,1,2,2,1,1,1,1,1,3,4,4,2,25,13,1.92,6,4,1,2,
excluded,SAFETY,SAFE1,,Recorded crime victims of selected offences by age of victim when offence occurred and year reported,,"Number of discharges for iron-deficiency anaemia in adults aged 65+, per 1,000.",2,1,1,4,1,2,1,2,1,1,2,3,4,25,13,1.92,6,4,1,2,
Maybe,HEALTH STATUS,STAT41,ADLs & IADLs,Percentage of older adults aged 65 years and over who report limitations in Instrumental Activities in Daily Living (IADLS),move to 'included bucket'.'maybe' requested by clodagh lawlor. ,The proportion of  adults aged 65 years and over who have difficulty with tasks like managing money or preparing meals.,2,1,1,2,1,0,2,1,1,3,1,4,2,21,12,1.75,6,4,1,1,
excluded,HEALTH STATUS,STAT24,,Deprivation level of people aged 65+ who are blind or have a visual impairment,,How many older people belong to formal groups like clubs or associations.,1,1,1,3,2,1,1,2,1,2,4,3,3,25,13,1.92,6,3,3,1,
excluded,HEALTH STATUS,STAT32,,Self-reported health of people aged 65+ who are deaf or have a hearing impairment,,The proportion of older people who feel they sleep well.,1,1,1,3,2,1,2,1,1,3,4,3,2,25,13,1.92,6,3,3,1,
excluded,HEALTHCARE USE,HUSE16,,"Back pain discharge rate per 1,000 population (65+)",,"How many older people do unpaid work for community, religious, sports, or charitable groups.",1,2,1,2,3,0,2,3,1,1,1,3,1,21,12,1.75,6,3,3,0,
excluded,FINANCES,FINA1,,Median Real Household Disposable Income,,"Proportion of older adults by weight category: underweight, healthy weight, overweight, or obese.",1,1,2,2,1,1,3,1,1,0,4,2,3,22,12,1.83,6,3,2,1,
excluded,HEALTHCARE USE,HUSE17,,"Osteoarthritis discharge rate per 1,000 population (65+)",,Breakdown of medications prescribed to older adults by type (ATC classification).,2,2,1,2,3,0,1,3,1,1,1,4,1,22,12,1.83,6,3,2,1,
excluded,HEALTHCARE USE,HUSE38,,% medicines by ATC codes prescribed to those aged 65+,,"The proportion of older people caring for children or grandchildren, and how frequently.",2,,2,3,3,1,1,1,1,1,4,2,1,22,13,1.69,6,3,2,1,
excluded,HEALTH STATUS,STAT26,,Self-reported health of people aged 65+ who are blind or have a visual impairment,,"The share of older adults who used antibiotics in the past year, by sex.",1,1,1,3,2,1,2,1,1,3,4,3,3,26,13,2.00,6,2,4,1,
excluded,HEALTH STATUS,STAT30,,Deprivation level of people aged 65+ who are deaf or have a hearing impairment,,Monthly total of new referrals accepted into the ICPOP programme.,1,1,1,3,2,1,1,2,1,3,4,3,3,26,13,2.00,6,2,4,1,
Maybe,HEALTHCARE USE,HUSE52,Kidney and urinary,"Pyelonephritis discharge rate per 1,000 population aged 65 years and over",remove word and bracket - (ACS condition) and add age cohort aged 65 years and over,"The number of hospital discharges for kidney infections per 1,000 adults aged 65 years and over",3,2,1,1,3,1,0,3,3,1,1,2,1,22,12,1.83,6,2,4,0,
Maybe,HEALTHCARE USE,HUSE53,Kidney and urinary,"UTI discharge rate per 1,000 population aged 65 years and over",remove word and bracket - (ACS condition) and add age cohort aged 65 years and over,"The number of hospital discharges for urinary tract infections per 1,000  adults aged 65 years and over",2,3,1,1,3,1,0,3,3,1,1,2,1,22,12,1.83,6,2,4,0,
Maybe,HEALTHCARE USE,HUSE50,Cardiovascular conditions,"Angina discharge rate per 1,000 population aged 65 years and over",remove word and bracket - (ACS condition) and add age cohort aged 65 years and over,"The number of hospital discharges for chest pain caused by heart disease per 1,000 adults aged 65 years and over",2,2,1,1,3,1,0,3,3,1,1,4,1,23,12,1.92,6,2,3,1,
Maybe,HEALTHCARE USE,HUSE48,Hospital admissions,"Iron deficiency anaemia discharge rate per 1,000 population aged 65 years and over",remove word and bracket - (ACS condition) and add age cohort aged 65 years and over,"The number of hospital discharges for iron-deficiency anaemia per 1,000 adults aged 65 years and over",3,3,1,1,3,1,1,3,3,1,4,3,1,28,13,2.15,6,0,6,1,
excluded,CONNECTIONS AND PARTICIPATION,CONN5,,"Percent of Persons 65+ who are close enough to people that they could count on, if they had a serious problem (None, 1-2, 3-5, 6+)",,How often older adults report feeling lonely over a typical week.,2,1,2,3,1,1,1,2,1,2,2,2,3,23,13,1.77,5,6,2,0,
excluded,DEMOGRAPHICS,DEMO7,,Speakers of foreign language by ability to speak English for those aged 65+,,How many older people belong to formal groups like clubs or associations.,2,1,1,2,3,1,2,2,2,1,4,2,1,24,13,1.85,5,6,1,1,
excluded,FINANCES,FINA4,,Percent of Household compositions (1 adult aged 65+or 2 adults with at least 1 aged 65+) who are finding it difficult in Making Ends Meet by year,,The proportion of older people who feel they sleep well.,1,1,2,2,2,1,2,2,1,1,4,2,3,24,13,1.85,5,6,1,1,
excluded,PROVIDING CARE,PROV6,,Percentage of older adults who provide care to children and/or grandchildren (Who and how often),,,3,1,2,1,2,2,2,2,1,1,4,1,2,24,13,1.85,5,6,1,1,
Maybe,HEALTH STATUS,STAT45,Loneliness and wellbeing,Frequency of loneliness in a week as reported by older adults aged 65 years and over,"290525- expert panel advised against Stat44 'Average self-reported loneliness' and instead use this STAT 45 'Frequency of Loneliness in a week'
'move to 'included bucket'.'maybe' requested by clodagh lawlor. ",The number of times adults aged 65 years and over report feeling lonely over a typical week.,3,1,1,2,1,3,2,1,1,3,3,2,2,25,13,1.92,5,4,4,0,
excluded,HEALTH BEHAVIOURS,BEHV20,,Percentage men 65+ who have had a PSA blood test,,How many older people belong to formal groups like clubs or associations.,2,1,2,3,2,1,2,1,3,1,4,3,1,26,13,2.00,5,4,3,1,
excluded,HOUSING AND ENVIRONMENT,HOUS6,,Persons aged 65 and older - Some difficulty in doing household activities (%),,The proportion of older people who feel they sleep well.,3,2,1,2,1,2,2,1,1,3,1,4,3,26,13,2.00,5,4,3,1,
excluded,HEALTHCARE USE,HUSE28,,"COVID-19 discharges per 1,000 population (65+)",,"How many older people do unpaid work for community, religious, sports, or charitable groups.",2,1,1,2,3,0,2,3,2,1,1,4,1,23,12,1.92,5,4,2,1,
excluded,HEALTH STATUS,STAT23,,Ethnicity of people aged 65+ who are blind or have a visual impairment,,"Proportion of older adults by weight category: underweight, healthy weight, overweight, or obese.",1,1,1,3,3,1,2,2,1,4,2,3,3,27,13,2.08,5,3,4,1,
excluded,HEALTH STATUS,STAT10,,Percent of people 65 and above who are limited or severely limited by year,This is a duplicate - delete it,Breakdown of medications prescribed to older adults by type (ATC classification).,2,2,2,3,3,1,3,1,1,4,1,4,1,28,13,2.15,5,3,3,2,
excluded,HEALTH BEHAVIOURS,BEHV23,,Percentage of older adults (65+) meeting the recommended guidelines for sleep duration,,"The proportion of older people caring for children or grandchildren, and how frequently.",3,3,1,3,1,1,1,2,1,3,4,4,2,29,13,2.23,5,2,4,2,
excluded,HEALTH BEHAVIOURS,BEHV14,,Percent of people 65 and above who visited a Nurse in the last twelve months by sex and year,,"The share of older adults who used antibiotics in the past year, by sex.",3,3,2,4,1,1,2,1,0,1,4,4,1,27,12,2.25,5,2,2,3,
excluded,SAFETY,SAFE2,,Number of road users 65 and above who were Killed and Injured Casualties by sex and year,,Monthly total of new referrals accepted into the ICPOP programme.,2,1,1,1,4,3,3,3,1,1,4,3,3,30,13,2.31,5,1,5,2,
Maybe,CONNECTIONS AND PARTICIPATION,CONN10,Social participation,"Percentage of older adults aged 65 years and over who are members of organisations, clubs, societies",move to 'included bucket'.'maybe' requested by clodagh lawlor. ,The percentage of adults aged 65 years and over who belong to formal groups like clubs or associations.,3,1,2,2,2,2,2,1,1,1,3,2,3,25,13,1.92,4,6,3,0,
excluded,CONNECTIONS AND PARTICIPATION,CONN8,Social participation,Percentage of older adults (65+) attending religious services,,Monthly referrals to ICPOP for older people with low or no frailty.,2,1,2,3,2,2,2,1,1,1,3,3,2,25,13,1.92,4,6,3,0,
excluded,CONNECTIONS AND PARTICIPATION,CONN9,Social participation,Percentage of older adults (65+) who volunteer,,Monthly referrals for people with mild levels of frailty.,2,1,2,2,1,2,2,1,1,3,3,4,2,26,13,2.00,4,6,2,1,
excluded,HEALTH BEHAVIOURS,BEHV5,Screening and preventive checks,Preventative Measures in the last 12 months of persons aged 65 years and over - Had a colonoscopy,,Number of monthly ICPOP referrals for people with moderate frailty.,2,1,2,3,2,2,2,1,3,2,1,4,1,26,13,2.00,4,6,2,1,
excluded,HEALTH STATUS,STAT31,Vision and hearing,Employment status of people aged 65+ who are deaf or have a hearing impairment,,Monthly ICPOP referrals for those with the highest level of frailty.,1,2,2,3,2,1,2,1,1,3,4,3,2,27,13,2.08,4,5,3,1,
excluded,VULNERABLE GROUPS,VULN12,Intellectual disability,Ethnicity of people aged 65+ with an intellectual disability (%),,Number of older adults seen by ICPOP each month who take 10 or more medications.,2,1,2,3,2,1,1,0,1,3,3,2,2,23,12,1.92,4,5,3,0,
excluded,HEALTHCARE USE,HUSE18,Pain,"Neck pain discharge rate per 1,000 population (65+)",,"The proportion of older adults who cannot afford basic needs like heating, clothing, or meals.",2,2,2,2,3,0,2,3,1,1,1,4,1,24,12,2.00,4,5,2,1,
excluded,VULNERABLE GROUPS,VULN14,,Employment status of people aged 65+ with an intellectual disability (%),,,2,2,2,4,2,1,2,0,1,1,3,3,1,24,12,2.00,4,5,2,1,
excluded,EMPLOYMENT,EMPL1,,The percent of the population aged 65 and older who are employed or actively seeking employment,"move to 'included bucket'.expert panel 29.05.25 considered 'Employment status' an important indicator. 
Comment from ranking process - Principal economic status in the demographics (DEMO13) may be more relevant and will capture employment status.",,3,2,2,3,1,3,3,2,1,1,2,1,3,27,13,2.08,4,4,5,0,
excluded,DEMOGRAPHICS,DEMO4,,"Cumulative percentage increase in population, all ages and 65+ for Ireland and EU−27, 2013 to 2022",,,2,1,2,4,2,3,2,3,1,3,3,1,1,28,13,2.15,4,4,4,1,
excluded,HEALTH STATUS,STAT7,,Percentage of individuals 65 and above who are feeling happy by frequency and year,This is a duplicate - delete it,,2,1,2,3,3,3,2,3,1,2,1,4,1,28,13,2.15,4,4,4,1,
excluded,HEALTH STATUS,STAT29,,Ethnicity of people aged 65+  who are deaf or have a hearing impairment,,,1,1,2,3,2,1,2,2,1,4,4,3,3,29,13,2.23,4,4,3,2,
excluded,HEALTH BEHAVIOURS,BEHV8,,"Percent of people 65 and above who consume fruit at least once a day, less than once per week, 1 to 3 times a week, 4 to 6 times a week, never consume fruit",,,2,1,2,3,1,1,2,2,1,4,4,4,3,30,13,2.31,4,4,2,3,
excluded,HEALTH BEHAVIOURS,BEHV10,,"Percent of people 65 and above who consume vegetables at least once a day, 1 to 3 times a week, 4 to 6 times a week, less than once a week, never consume vegetables",,,3,1,2,3,2,1,1,2,1,4,4,4,3,31,13,2.38,4,3,3,3,
excluded,DEMOGRAPHICS,DEMO12,,Speakers of foreign languages by ability to speak English for those aged 65+,,,2,2,1,2,3,1,2,3,2,1,3,3,2,27,13,2.08,3,6,4,0,
excluded,HEALTH BEHAVIOURS,BEHV6,,Frequency of walking by sex and age group,This is a duplicate - delete it,,1,3,2,4,1,2,1,3,2,2,4,2,2,29,13,2.23,3,6,2,2,
excluded,EDUCATION AND SKILLS ,EDUS1,,Persons Aged 65 - 74 Years Engaged in Life-Long Learning,,,3,1,3,2,2,3,2,2,1,1,3,2,4,29,13,2.23,3,5,5,0,
excluded,DEMOGRAPHICS,DEMO17,,Percentage of older adults (65+) who experienced ageism/discrimination,,,1,1,3,4,2,2,2,2,2,1,3,3,3,29,13,2.23,3,5,4,1,
excluded,HEALTH STATUS,STAT25,,Employment status of people aged 65+ who are blind or have a visual impairment,,,1,2,2,3,2,1,2,2,1,3,4,3,3,29,13,2.23,3,5,4,1,
excluded,HEALTH BEHAVIOURS,BEHV9,,"Percent of people 65 and above who consume 1 portion of fruit a day, 2 portions a day, 3 portions a day, 4 portions a day, 5+ portions a day",,,2,3,2,3,2,1,2,2,1,4,4,1,3,30,13,2.31,3,5,3,2,
excluded,HEALTHCARE USE,HUSE31,,Number of older people newly supported with ALONE services (year),,,1,1,2,4,2,0,2,3,1,2,4,2,3,27,12,2.25,3,5,2,2,
excluded,DEMOGRAPHICS,DEMO11,,Speakers of foreign languages by language spoken for those aged 65+,,,2,2,2,3,2,1,1,3,2,2,3,3,2,28,13,2.15,2,7,4,0,
excluded,HEALTHCARE USE,HUSE32,,Number of older people in receipt of ongoing support of ALONE Services (year),,,2,1,2,3,2,0,2,3,1,2,2,2,3,25,12,2.08,2,7,3,0,
excluded,HEALTH STATUS,STAT13,,Percent of people 65 and above who have a probable mental health problem on the Energy and Vitality Index,,,3,2,2,3,3,2,1,2,1,2,3,3,2,29,13,2.23,2,6,5,0,
excluded,HEALTH BEHAVIOURS,BEHV11,,"Percent of people 65 and over who consume 1 portion, 2 portions, 3 portions, 4 portions, 5+ portions of vegetables a day",,,3,3,2,3,2,1,2,2,2,4,4,1,3,32,13,2.46,2,5,4,2,
excluded,HEALTH STATUS,STAT20,,Percent of people aged 65 and above who have taken an antibiotic in the last 12 months by sex and year,,,3,1,2,4,3,2,2,2,2,3,4,4,1,33,13,2.54,2,5,3,3,
Maybe,HEALTH STATUS,STAT18,Loneliness and wellbeing,Percentage of people aged 65 years and over who rate the quality of their sleep at night as fairly good or very good,move to 'included bucket'.'maybe' requested by clodagh lawlor. ,The proportion of people aged 65 years and over who feel they sleep well.,3,3,2,4,2,2,2,2,1,4,4,3,3,35,13,2.69,1,5,4,3,
excluded,HOUSING AND ENVIRONMENT,HOUS7,,Percent of people 65 and above experiencing degrees of ease of getting practical help from neighbours,This is a duplicate - delete it,,3,3,2,3,1,2,2,3,2,3,4,3,4,35,13,2.69,1,4,6,2,
excluded,CONNECTIONS AND PARTICIPATION,CONN1,,Percentage distribution of journeys by purpose for 65 and over,,,2,3,2,4,3,3,2,4,3,1,3,3,3,36,13,2.77,1,3,7,4,
excluded,HEALTH STATUS,STAT19,,"Percent of people 65 and over who sleep 6 or less hours a night, more than 6 and up to 7 hours a night, more than 7 and up to 8 hours a night, more than 8 hours a night",,,3,3,2,4,4,3,2,2,1,3,4,3,3,37,13,2.85,1,3,6,3,
excluded,CONNECTIONS AND PARTICIPATION,CONN2,,Number of Persons 65+ and over taking Annual Outbound Overnight Trips for Personal purpose ,,,3,3,3,4,3,3,3,4,1,3,4,3,4,41,13,3.15,1,0,8,4,
excluded,HEALTH STATUS,STAT12,,Percent of people 65 and above who are in the High Energy and Vitality group on the Energy and Vitality Index,,,3,2,2,3,3,2,2,2,2,2,3,3,2,31,13,2.38,0,8,5,0,
excluded,HEALTH STATUS,STAT4,,"Percent of people 65 and over with Low, Medium, High, Not Stated satisfaction with time use (amount of leisure time)",,,3,2,2,3,3,2,2,3,2,2,2,3,2,31,13,2.38,0,8,5,0,
excluded,DEMOGRAPHICS,DEMO10,,Population aged 65+ years by ability to speak Irish,,,3,2,2,3,3,2,3,3,2,2,3,3,2,33,13,2.54,0,6,7,0,
excluded,HEALTH STATUS,STAT16,,Percent of people 65 and over who to their knowledge had been infected with COVID-19 per year ,This is a duplicate - delete it,,3,2,2,2,3,3,2,3,4,3,4,4,2,37,13,2.85,0,5,5,3,
excluded,HEALTH STATUS,STAT17,,"Percent of people 65 and above who returned to usual health after COVID-19 infection in less than 1 month, 1 month or more but less than 1 year, 1 year or more but less than 2 years, in 2 years or longer",This is a duplicate - delete it,,2,2,2,4,4,2,3,3,3,4,4,3,2,38,13,2.92,0,5,4,4,
excluded,HOUSING AND ENVIRONMENT,HOUS5,,Percent of 65+ who owns an Electric Vehicle (EV),,,4,3,3,4,3,4,4,3,3,3,4,3,4,45,13,3.46,0,0,7,6,
Maybe,CONNECTIONS AND PARTICIPATION,CONN6,Social participation,Proportion of the population aged 65 years and over who regularly engage in helping or voluntary work in any of the following activities without pay: A social or charitable organisation; A religious group or church; A sporting organisation; A political organisation; In your community; No.,maybe' requested by  Mike O'Callaghan,"The proportion of people aged 65 years and over who do unpaid work for community, religious, sports, or charitable groups.",3,1,2,2,1,1,2,1,1,1,2,2,2,21,13,1.62,6,6,1,0,"Below the cut-off point, the minority of voters (6/13) have selected a preferential ""1"" score for these parameters"
duplicate,EDUCATION AND SKILLS ,EDUS2,Socioeconomic status,Population aged 65 years and over by highest level of education completed (%), THIS IS A DUPLICATE - see row 122 - EDUS2 - requested by both Clodagh Lawlor Mike O' Callaghan as 'maybe',"The percentage of adults aged 65 years and over who completed different levels of education (e.g. primary, secondary, third level).",3,1,2,2,1,1,2,1,1,1,3,2,2,22,13,1.69,6,5,2,0,
Maybe,HEALTH STATUS,STAT42,Population demographics,"Percentage of older adults aged 65 years and over who are underweight, overweight and obese",maybe' requested by  Mike O'Callaghan,"The proportion of adults aged 65 years and over by weight category: underweight, healthy weight, overweight, or obese.",2,1,2,2,1,1,1,1,1,3,4,4,2,25,13,1.92,6,4,1,2,
Maybe,HEALTHCARE USE,HUSE38,Medication and prescribing,Percentage of medicines by ATC codes prescribed to those aged 65 years and over,need to explain what ATC's are,The percentage of medications prescribed to adults aged 65 years and over by type of medication (using Anatomical Therapeutic Chemical (ATC) classification).,2,,2,3,3,1,1,1,1,1,4,2,1,22,13,1.69,6,3,2,1,
Maybe,PROVIDING CARE,PROV6,Caregiving,Percentage of older adults aged 65 years and over who provide care to children and/or grandchildren (Who and how often),maybe' requested by  Mike O'Callaghan,"The proportion of people aged 65 years and over who are caring for children or grandchildren, and how frequently they do so",3,1,2,1,2,2,2,2,1,1,4,1,2,24,13,1.85,5,6,1,1,
Maybe,HEALTH STATUS,STAT20,Medication and prescribing,Percentage of people aged 65 years and over who have taken an antibiotic in the last 12 months by sex,maybe' requested by  Mike O'Callaghan,The proportion of older adults who have taken an antibiotic in the past year by sex ,3,1,2,4,3,2,2,2,2,3,4,4,1,33,13,2.54,2,5,3,3,
duplicate,CONNECTIONS AND PARTICIPATION,CONN6,Social participation,Proportion of the population 65+ who regularly engage in helping or voluntary work in any of the following activities without pay: A social or charitable organisation; A religious group or church; A sporting organisation; A political organisation; In your community; No., THIS IS A DUPLICATE - see row 195 - CONN6 - requested by both Mike O' Callaghan and Alieen O' Reilly as 'maybe' ,,3,1,2,2,1,1,2,1,1,1,2,2,2,21,13,1.62,6,6,1,0,"Below the cut-off point, the minority of voters (6/13) have selected a preferential ""1"" score for these parameters"
duplicate,CONNECTIONS AND PARTICIPATION,CONN10,Social participation,"Percentage of older adults (65+) who are members of organisations, clubs, societies",' THIS IS A DUPLICATE - see row 158 - CONN10 - requested by both Alieen O' Reilly and Clodagh Lawlor as 'maybe' ,,3,1,2,2,1,1,2,1,1,1,2,2,2,21,13,1.62,6,6,1,0,"Below the cut-off point, the minority of voters (6/13) have selected a preferential ""1"" score for these parameters"
Maybe,CONNECTIONS AND PARTICIPATION,CONN9,Social participation,Percentage of older adults aged 65 years and over who volunteer,maybe' requested by Aillen O' Reilly,,3,1,2,2,2,2,2,1,1,1,3,2,3,25,13,1.92,4,6,3,0,
Maybe,HEALTHCARE USE,HUSE31,Home and community supports,Number of older people newly supported with ALONE services in the previous 12 months,changed (year) to 'in the previous 12 months' 'maybe' requested by Aillen O' Reilly,,2,1,2,2,1,2,2,1,1,3,3,4,2,26,13,2.00,4,6,2,1,
Maybe,HEALTHCARE USE,HUSE32,Home and community supports,Number of older people in receipt of ongoing support of ALONE Services in the previous 12 months,changed (year) to 'in the previous 12 months';  'maybe' requested by Aillen O' Reilly,,1,1,2,4,2,0,2,3,1,2,4,2,3,27,12,2.25,3,5,2,2,
new,HEALTHCARE USE,ICPOP CST 1.02,Primary and community care,Total number of new referrals to ICPOP (accepted) by month,"ICPOP indicator added by request Mary Browne 06.05.2025. Indicator is part of ICPOP suite of KPI's collected monthly.
Unique ID generated using the actual KPI Number (i.e.) 'CST' and a 'number', and for ease Teresa prefaced the code with 'ICPOP'.",Monthly total of new referrals accepted into the ICPOP programme.,"This KPI includes all referrals accepted to the ICPOP Community Specialist Teams within the month. For the purposes of this KPI, new referrals include patients who are discharged and referred again to each ICPOP CST in the month up to and including the last date of the month. For the purpose of this includes referrals that have been triaged and accepted.",,,,,,,,,,,,,,,,,,,,
new,HEALTHCARE USE,ICPOP CST 3.01-3.08/8.02,Primary and community care,Total number of new ICPOP referrals by referral source by month,"ICPOP indicator added by request Mary Browne 06.05.2025. Indicator is part of ICPOP suite of KPI's collected monthly.
This indicator is the summation of 9 different KPI's - see definition.
Unique ID generated using the actual KPI Number (i.e.) 'CST' and a 'number', and for ease Teresa prefaced the code with 'ICPOP'.","Monthly total of new ICPOP referrals, broken down by which clinical specialty the referral came from.","This indicator is an aggregation of KPI's CST 3.01 - 3.08 and KPI CST 8.02.  It includes all referrals received from GPs, CHN, NAS and/or Pathfinder teams, Frailty at the Front Door (or similar) service, Geriatric Medicine teams, received from ED (broken down by the month), Acute Inpatient Floor,  new referrals accepted  to the ICPOP Community Specialist Team for older adults in Residential Care Facilities, and from Other Sources within the month.",,,,,,,,,,,,,,,,,,,,
new,HEALTHCARE USE,ICPOP CST 5.01-5.03,Frailty and multimorbidity,Total number of new ICPOP referrals with a clinical frailty score of 3 or less (not frail),"As above, but note this frailty indicator is the summation of KPI CST 5.01, CST5.02 and CST 5.03. - see definition.",Monthly referrals to ICPOP for people aged 65 years and over with low or no frailty.,This includes total number of new patients with a frailty scores with a clinical frailty score of 3 or less (not frail).,,,,,,,,,,,,,,,,,,,,
new,HEALTHCARE USE,ICPOP CST 5.04-5.06,Frailty and multimorbidity,Total number of new ICPOP referrals with a clinical frailty score of 4-6 (mild frailty),"As above, but note this frailty indicator is the summation of KPI CST 5.04, CST5.05 and CST 5.06. - see definition.",Monthly referrals to ICPOP for people aged 65 years and over with mild levels of frailty.,This includes total number of new patients with a frailty scores with a clinical frailty score of 4-6 (mild frailty).,,,,,,,,,,,,,,,,,,,,
new,HEALTHCARE USE,ICPOP CST 5.07-5.08,Frailty and multimorbidity,Total number of new ICPOP referrals with a clinical frailty score of 7-8 (moderate frailty) ,"As above, but note this frailty indicator is the summation of KPI CST 5.07 and CST 5.08. - see definition.",Monthly referrals to ICPOP for people aged 65 years and over with moderate frailty.,This includes total number of new patients with a frailty scores with a clinical frailty score of 7-8 (moderate frailty).,,,,,,,,,,,,,,,,,,,,
new,HEALTHCARE USE,ICPOP CST 5.09,Frailty and multimorbidity,Total number of new ICPOP referrals with a clinical frailty score of 9 (advanced frailty) ,As above.,Monthly referrals to ICPOP for people aged 65 years and over with the highest level of frailty.,This includes total number of new patients with a clinical frailty score of 9 (advanced frailty).,,,,,,,,,,,,,,,,,,,,
new,HEALTHCARE USE,ICPOP CST 5.13,Medication and prescribing,Total number of new patients seen by ICPOP on 10 or more medications by month,ICPOP indicator added by request Mary Browne 06.05.2025.  ,Number of adults aged 65 years and over seen by ICPOP each month who take 10 or more medications.,Total number of new patients seen by ICPOP on 10 or more medications by month,,,,,,,,,,,,,,,,,,,,
new,FINANCES,FINA5,Socioeconomic status,Percentage of population aged 65 years and over experiencing enforced deprivation,SIA61C10,"The proportion of adults aged 65 years and over who cannot afford basic needs like heating, clothing, or meals.",,,,,,,,,,,,,,,,,,,,,