Status (included or 'maybe included'),DOMAIN,SORT CODE,STEPHEN CODE,INDICATOR,NOTES Thur 26th June - 2nd refinement for Delphi,DEFINITIONS/What we mean,RESPONDENT 1,RESPONDENT 2,RESPONDENT 3,RESPONDENT 4,RESPONDENT 5,RESPONDENT 6,RESPONDENT 7,RESPONDENT 8,RESPONDENT 9,RESPONDENT 10,RESPONDENT 11,RESPONDENT 12,RESPONDENT 13,Sum,Denominator,Score,Number of 1 scores,Number of 2 scores,Number of 3 scores,Number of 4 scores,Unnamed: 27,TERESA NOTE (DATA PROVENANCE),ROB CATALOGUE NOTE,PREP MEETING NOTES,notes JM,notes GH,notes TB,notes CL,notes MW,notes SC,notes RB
duplicate,DEMOGRAPHICS,DEMO1,,Estimated population aged 65 years and over by sex and year ('000),This is a duplicate - delete it ,,1,2.0,1.0,1.0,1.0,1.0,1.0,1.0,1.0,1.0,1.0,1.0,1.0,14.0,13.0,1.08,12.0,1.0,0.0,0.0,,PEA01,,? Remove because this is estimated (Projected inter-censal years?),,,,,,,
included,DEMOGRAPHICS,DEMO8,Population demographics,Number and proportion of population aged 65 years and over,,The total number and percentage of people in the population who are aged 65 years or older.,1,1.0,1.0,1.0,1.0,2.0,1.0,1.0,1.0,1.0,1.0,1.0,1.0,14.0,13.0,1.08,12.0,1.0,0.0,0.0,,Core Indicator List,,,,,,,,Proportion to total population? ,Seems to overlap with row 2
included,VULNERABLE GROUPS,VULN2,Living arrangements,Number of homeless persons aged 65 years and over,,The number of people aged 65 years and over who are in accomodation designated for the homeless or sleeping rough. ,1,1.0,1.0,1.0,1.0,1.0,1.0,1.0,1.0,1.0,1.0,1.0,2.0,14.0,13.0,1.08,12.0,1.0,0.0,0.0,,Core Indicator List,,,,,,,,,
included,VULNERABLE GROUPS,VULN3,Population demographics,Number of Travellers aged 65 years and over,,The number of people from the Traveller community who are aged 65 years or older.,1,1.0,1.0,1.0,1.0,1.0,1.0,1.0,1.0,1.0,1.0,1.0,2.0,14.0,13.0,1.08,12.0,1.0,0.0,0.0,,Core Indicator List,,,,,,,,,
included,HEALTHCARE USE,HUSE35,Home and community supports,Percentage of older adults (65 years and over) who are in receipt of home care package,,"The percentage of adults aged 65 years or over receiving organised care services in their own home, such as personal care or nursing.",1,1.0,1.0,1.0,1.0,1.0,1.0,1.0,4.0,1.0,1.0,1.0,1.0,16.0,13.0,1.23,12.0,0.0,0.0,1.0,,Tilda,,,,,,,,,
included,DEMOGRAPHICS,DEMO5,Socioeconomic status,Deprivation distribution by 8-point Pobal HP index for those aged 65 and over,,"How adults aged 65 years and over are spread across different levels of social and economic disadvantage in an area, based on the Pobal HP Deprivation Index.  The Pobal HP Deprivation Index is Ireland's primary social gradient tool.  Based on the latest Census information (in this case Census 2022) it reveals the profile of communities across Ireland. The Pobal HP Deprivation Index uses data from Census 2022, analysing ten measures of an area’s levels of disadvantage. These include educational attainment, employment status and the numbers living in individual households.",1,1.0,1.0,1.0,1.0,1.0,1.0,1.0,1.0,1.0,2.0,2.0,1.0,15.0,13.0,1.15,11.0,2.0,0.0,0.0,,Core Indicator List,,,,,,,,,
included,DEMOGRAPHICS,DEMO6,Population demographics,Ethnicity of those aged 65 years and over,,The ethnic background or identity of people aged 65 years and over.,1,1.0,1.0,1.0,1.0,1.0,2.0,1.0,1.0,1.0,1.0,2.0,1.0,15.0,13.0,1.15,11.0,2.0,0.0,0.0,,Core Indicator List,,,,,,,,,
included,HEALTH BEHAVIOURS,BEHV15,"Smoking, alcohol and lifestyle",Persons who smoke: Proportion of population aged 65 years and over who smoked tobacco. (Displayed as: Yes - daily;  Yes - occasionally; No - have given up smoking; Never),ok to leave in reference to 'Displayed as: Yes - daily;  Yes - occasionally; No - have given up smoking; Never)_,"The percentage of  people  aged 65 years and over who currently smoke, used to smoke, or have never smoked.",1,1.0,1.0,2.0,1.0,1.0,1.0,1.0,1.0,1.0,1.0,1.0,2.0,15.0,13.0,1.15,11.0,2.0,0.0,0.0,,Direct from Census,,,,,,,,,
included,HEALTH STATUS,STAT39,Falls and mobility,Percentage of older adults (aged 65 years and over) who reported a fall in the previous two years,,The proportion of adults aged 65 years and over who said they had a fall or trip in the last two years.,1,1.0,1.0,2.0,1.0,1.0,1.0,1.0,1.0,1.0,1.0,2.0,1.0,15.0,13.0,1.15,11.0,2.0,0.0,0.0,,Tilda,Tilda,,,,,,,,
included,HEALTHCARE USE,HUSE42,Hospital admissions,Number of inpatient stays in older adults aged 65 years and over in the last year,,The number of times people aged 65 years and over were admitted to hospital and stayed overnight in the past year.,2,1.0,1.0,1.0,1.0,1.0,2.0,1.0,1.0,1.0,1.0,1.0,1.0,15.0,13.0,1.15,11.0,2.0,0.0,0.0,,Tilda,,,,,,,,,
included,HEALTHCARE USE,HUSE43,Hospital admissions,Length of inpatient stays  in older adults aged 65 years and over in the last year,,The average number of days that adults aged 65 years and over spent in hospital during inpatient admissions during the last year,2,1.0,1.0,1.0,1.0,1.0,2.0,1.0,1.0,1.0,1.0,1.0,1.0,15.0,13.0,1.15,11.0,2.0,0.0,0.0,,Tilda,,,,,,,,,
included,VULNERABLE GROUPS,VULN7,Living arrangements,Number of persons aged 65 years and over usually resident in a nursing home home/residential facility or hospital by sex and census year,,The number of people aged 65 years and older who live long-term in care facilities or hospitals.,2,1.0,2.0,1.0,1.0,1.0,1.0,1.0,1.0,1.0,1.0,1.0,1.0,15.0,13.0,1.15,11.0,2.0,0.0,0.0,,Core Indicator List,,,,,,,,,
included,CHRONIC DISEASES,CHRD2,Cardiovascular conditions,Percentage of older adults aged 65 years and over who have a cardiovascular disease,,"The proportion of adults aged 65 years and over who have a heart-related illness such as heart attack, angina, or stroke.",1,1.0,1.0,3.0,2.0,1.0,1.0,1.0,1.0,1.0,1.0,1.0,1.0,16.0,13.0,1.23,11.0,1.0,1.0,0.0,,Tilda,,,,,,,,,
included,CHRONIC DISEASES,CHRD3,Pain,Percentage of older adults aged 65 years and over who report severe or moderate pain most of the time,,The percentage of people aged 65 years and over who regularly experience moderate or severe pain.,1,1.0,1.0,3.0,1.0,1.0,1.0,1.0,1.0,1.0,1.0,2.0,1.0,16.0,13.0,1.23,11.0,1.0,1.0,0.0,,Tilda,,,,,,,,,
included,CHRONIC DISEASES,CHRD5,Mental health,Percentage of older adults aged 65 years and over with depression (CESD-8),,"The percentage of adults aged 65 years and over who report symptoms of depression, measured using a standard survey tool.",1,1.0,2.0,3.0,1.0,1.0,1.0,1.0,1.0,1.0,1.0,1.0,1.0,16.0,13.0,1.23,11.0,1.0,1.0,0.0,,Tilda,,Bring into broader discussion about loneliness as well - consider SILC data 2024,,,Note previous reference to 65+ feeling downhearted and depressed - SILC 2024 data  indicator WBB22C03,,Not necessarilty CED-8 but some measure of depressive symptomology is essential,,
included,HEALTHCARE USE,HUSE41,Outpatient visits,Number of outpatient visits in older adults aged 65 years and over in the last year,,"The number of times adults aged 65 years and over attended hospital appointments, but without being admitted overnight, in the past year.",3,1.0,1.0,2.0,1.0,1.0,1.0,1.0,1.0,1.0,1.0,1.0,1.0,16.0,13.0,1.23,11.0,1.0,1.0,0.0,,Tilda,,,,"NEW, REVIEW, SPECIALTY?",,,,,
included,HOUSING AND ENVIRONMENT,HOUS3,Living arrangements,Number of Persons aged 65 years and over living alone in private households ,,The number of adults aged 65 years and over who live by themselves in their own home or apartment.,1,1.0,1.0,1.0,1.0,2.0,1.0,1.0,1.0,1.0,1.0,1.0,3.0,16.0,13.0,1.23,11.0,1.0,1.0,0.0,,F3084C02,,Also add percentage (prefer percentage if only one can be used),,,,,,Number and % are useful but preference would be % if only one could be included. Number will increase as a result of pop increase. ,
included,HOUSING AND ENVIRONMENT,HOUS4,Living arrangements,Percentage of persons aged 65 years and over living alone in private households,,The percentage of adults aged 65 years and overwho live alone in private homes.,1,1.0,1.0,1.0,2.0,1.0,1.0,1.0,1.0,1.0,1.0,1.0,3.0,16.0,13.0,1.23,11.0,1.0,1.0,0.0,,F3084C03,,,,,,,,,
included,HEALTHCARE USE,HUSE40,Emergency department use,Number of Emergency Department visits in older adults aged 65 years and over in the last year,,The number of times people aged 65 years and over went to the hospital Emergency Department in the past year.,2,1.0,1.0,1.0,1.0,1.0,1.0,1.0,1.0,1.0,1.0,4.0,1.0,17.0,13.0,1.31,11.0,1.0,0.0,1.0,,Tilda,,,,DUPLICATE,,,,,
included,HEALTH STATUS,STAT9,Population demographics,Percentage of Persons aged 65 years and over with a Disability ,,The percentage of adults aged 65 years and over who report having a disability that affects their daily life.,1,1.0,1.0,3.0,1.0,0.0,1.0,1.0,1.0,1.0,1.0,1.0,1.0,14.0,12.0,1.17,11.0,1.0,0.0,0.0,,F4001C01,F4001C01,,,,,,,,
included,HEALTH STATUS,STAT1,Loneliness and wellbeing,Healthy Life Years (HLY) at age 65 years,,The number of years a person aged 65 years can expect to live in good health without a serious illness or disability.,3,1.0,1.0,3.0,1.0,1.0,1.0,1.0,1.0,1.0,1.0,1.0,1.0,17.0,13.0,1.31,11.0,0.0,2.0,0.0,,WBD08C01,WBD08C01,,,,,,,"All variables with ID starting ""WBD"", ""IH"" or ""HIS"" likely only available nationally. IH 2024 onwards available by health region",Definion of HLY is unknown to me
included,CHRONIC DISEASES,CHRD1,Frailty and multimorbidity,Percentage of older adults aged 65 years and over who have a chronic disease,,"The proportion of  people aged 65 years and over living with one or more long-term health conditions such as diabetes, arthritis, or heart disease.",1,1.0,1.0,3.0,1.0,1.0,1.0,1.0,1.0,1.0,1.0,4.0,1.0,18.0,13.0,1.38,11.0,0.0,1.0,1.0,,Tilda,,,,duplicate to HISO7CO1 ON HEALTH STATUS DOMAIN - ? WHICH IS SUPERIOR,,,,,
included,HEALTHCARE USE,HUSE34,Home and community supports,Percentage of older adults aged 65 years and over who are in receipt of home help,,"The percentage of people aged 65 years and over receiving basic support services at home like cleaning, shopping, or help with daily tasks.",1,1.0,1.0,1.0,1.0,0.0,1.0,1.0,1.0,1.0,1.0,2.0,1.0,13.0,12.0,1.08,11.0,0.0,0.0,0.0,,Tilda,,TILDA Look at HUSE7 - home help vs home support,? Amalgamate with no. 8 and 9,,,,,,
included,HEALTHCARE USE,HUSE36,Home and community supports,Percentage of older adults aged 65 years and over who are in receipt of Meals-on-Wheels,,The percentage of adults aged 65 years and over who receive ready-to-eat meals delivered to their homes.,2,1.0,2.0,1.0,1.0,1.0,1.0,1.0,1.0,1.0,1.0,2.0,1.0,16.0,13.0,1.23,10.0,3.0,0.0,0.0,,Tilda,,,,,,,,,
included,DEMOGRAPHICS,DEMO2,Population demographics,Projected population aged 65 years and over by age group and year using the M2 projection scenario ,Explanation of M2 project scenario definition. DMcK done. Decision made 01.07.25 to remove ('000),"Estimated future numbers of people aged 65 years and over based on national population projections (M2 scenario). M2 assumption for population projection: this is an assumption for the purposes of predicting population growth, in which the presumed migration is at a moderate level.",1,1.0,1.0,1.0,3.0,1.0,2.0,2.0,1.0,1.0,1.0,1.0,1.0,17.0,13.0,1.31,10.0,2.0,1.0,0.0,,PEC23C01,,Possibly keep instead of DEMO9,,,Clarification required between this indicator and the one below A10 (number and proportion of 65+ population (projected),,,,
duplicate,HEALTH STATUS,STAT11,,Percentage of people 65 and above with a confirmed long-term condition,This is a duplicate - delete it ,,2,1.0,1.0,2.0,1.0,1.0,1.0,1.0,1.0,3.0,1.0,1.0,1.0,17.0,13.0,1.31,10.0,2.0,1.0,0.0,,HIS07C01,HIS07C01,,,,This is a Healthy Ireland indicator.   Should the SILC or Irish Health survey be used instead,,,"As above, also collected in SILC and IHS. ",
included,HEALTH STATUS,STAT21,Vision and hearing,Number of people aged aged 65 years and over who are blind or have a visual impairment,,The number of people aged 65 years and over who report being blind or having difficulty seeing even with glasses.,1,1.0,1.0,1.0,3.0,1.0,2.0,1.0,1.0,1.0,2.0,1.0,1.0,17.0,13.0,1.31,10.0,2.0,1.0,0.0,,Core Indicator List,Core Indicator List,"Clarity on definition - what is the definition of ""blind""",,,,,,Does visual impairment include glasses or contact lenses?,
included,HEALTHCARE USE,HUSE39,Primary and community care,Number of GP visits in older adults aged 65 years and over in the last year,,The number of times people aged 65 years and over visited a general practitioner (GP) in the past year.,3,1.0,1.0,2.0,1.0,1.0,2.0,1.0,1.0,1.0,1.0,1.0,1.0,17.0,13.0,1.31,10.0,2.0,1.0,0.0,,Tilda,,,,,,,,,
included,HEALTHCARE USE,HUSE2,Hospital admissions,Percentage of people aged 65 years and over who have been admitted to hospital as an inpatient by sex and year,,"The percentage of adults aged 65 years and over who were admitted to hospital overnight or longer, shown by sex and year.",2,1.0,1.0,1.0,1.0,0.0,1.0,1.0,1.0,1.0,1.0,1.0,2.0,14.0,12.0,1.17,10.0,2.0,0.0,0.0,,HIS23C01,,,,"HOW WILL THE DATA FOR THIS INDICATOR BE CAPTURED - PUBLIC/PRIVATE HOSPITAL, ELECTIVE/EMERGENT ADMISSION SOURCE?",,,,,
included,HEALTHCARE USE,HUSE7,Primary and community care,Number of people aged 65 years and over in receipt of home support - OP54,,The number of adults aged 65 years and over who receive formal home support services under the OP54 national reporting measure.,1,1.0,1.0,2.0,1.0,0.0,1.0,1.0,1.0,1.0,1.0,1.0,2.0,14.0,12.0,1.17,10.0,2.0,0.0,0.0,,Core Indicator List,,KPI from HSE - look at HUSE34 home help vs home support,,,,,,,
included,VULNERABLE GROUPS,VULN10,Intellectual disability,Number of people with an intellectual disability aged 65 years and over,,The number of adults aged 65 years and over who have a diagnosed intellectual disability.,2,1.0,1.0,2.0,1.0,1.0,1.0,0.0,1.0,1.0,1.0,1.0,1.0,14.0,12.0,1.17,10.0,2.0,0.0,0.0,,Core Indicator List,,"IDS TILDA could give more information - is this information from CENSUS and can we break it down by IHA? If not, can look at TILDA",,,,,A difficulty with these indicators is that there are very few people with ID aged > 65. IDS-TILDA could advise on the best approach here,,
included,CHRONIC DISEASES,CHRD6,"Smoking, alcohol and lifestyle",Percentage of older adults aged 65 years and over who report problematic alcohol use (CAGE measure),change 'ho' to 'who',The percentage of adults aged 65 years and over who may have alcohol-related problems based on the CAGE screening questionnaire.,1,1.0,1.0,3.0,1.0,1.0,1.0,1.0,1.0,1.0,1.0,3.0,2.0,18.0,13.0,1.38,10.0,1.0,2.0,0.0,,Tilda,,Bring into broader discussion about loneliness as well - consider SILC data 2024,I think this should read CAGE measure,,note previous reference to alcohol consumption under health behaviours and comment re the need to select indicator on binge drinking (H.I. survey source),,,,
included,HEALTHCARE USE,HUSE1,Primary and community care,Percentage of people aged 65 years and over with a GP Visit card or Medical Card,,The proportion of  adults aged 65 years and over who are eligible for free or subsidised healthcare under state schemes.,3,1.0,1.0,1.0,1.0,0.0,2.0,1.0,1.0,1.0,1.0,1.0,1.0,15.0,12.0,1.25,10.0,1.0,1.0,0.0,,HSPAO18C01,SIA97C01,Healthy Ireland? Clarity on definition: consider breakdown by (a) G visit card and (b) medical card,proportion with each one useful,,,,,,
included,HEALTHCARE USE,HUSE33,Medication and prescribing,Percentage of older adults aged 65 years and over who are taking five or more medications,,The proportion of adults aged 65 years and over who are on five or more prescribed medications (known as polypharmacy).,1,3.0,1.0,2.0,1.0,0.0,1.0,1.0,1.0,1.0,1.0,1.0,1.0,15.0,12.0,1.25,10.0,1.0,1.0,0.0,,Tilda,,,,,,,,,
included,HEALTH STATUS,STAT33,Population demographics,Population by general health.  Self-reported general health of older adults aged 65 years and over (Displayed  as: Very good; Good; Fair; Bad; Very bad; Not stated),,"The proportion of adults aged 65 years and over who rate their own general health, from very good to very bad.",2,1.0,1.0,1.0,1.0,1.0,1.0,1.0,1.0,1.0,4.0,4.0,1.0,20.0,13.0,1.54,10.0,1.0,0.0,2.0,,HAI Census parameters,HAI Census parameters,,,duplicate,,,,,
included,HEALTHCARE USE,HUSE10,Cardiovascular conditions,"Ischaemic stroke discharge rate per 1,000 population aged 65 years and over",Discharge rate had (65+) included; changed to aged 65 years and over - amend definition ,"The number of adults aged 65 years and over who have been discharged from hospital after a stroke caused by a blocked artery, per 1,000 population aged 65 years and over.",1,1.0,1.0,1.0,3.0,0.0,1.0,1.0,1.0,1.0,1.0,3.0,1.0,16.0,12.0,1.33,10.0,0.0,2.0,0.0,,Core Indicator List,,Clarity of definition: Number of persons discharged or number of discharges?,,,,,,,
included,HOUSING AND ENVIRONMENT,HOUS1,Living arrangements,Housing tenure status by age group of reference person and census year,,"The proportion of adults aged 65 years and over who own or rent their home, or have another housing arrangement, by age group.",2,1.0,1.0,2.0,1.0,1.0,1.0,1.0,1.0,1.0,2.0,1.0,2.0,17.0,13.0,1.31,9.0,4.0,0.0,0.0,,F2017BC02,,Also add percentage,,,,,,% may also be useful contextually,
included,DEMOGRAPHICS,DEMO13,Caregiving,"Carers by sex: Proportion of the population aged 65 years and over providing regular unpaid care or support to a family member, neighbour or friend with a long-term illness, old age or a disability. Displayed as: Female; Male. ",,"The proportion of people aged 65 years and over who regularly provide unpaid care or help, shown separately for men and women.",3,1.0,2.0,2.0,1.0,1.0,2.0,1.0,1.0,1.0,1.0,1.0,1.0,18.0,13.0,1.38,9.0,3.0,1.0,0.0,,HAI Census parameters,,,Also many over 65's provide care to grandchildren,,,,,,
included,DEMOGRAPHICS,DEMO15,Socioeconomic status,Proportion of Population aged 65 years and over by social class and sex.,,"The proportion of people aged 65 years and over, by occupational social class and sex.",1,1.0,1.0,2.0,2.0,2.0,1.0,1.0,1.0,1.0,1.0,3.0,1.0,18.0,13.0,1.38,9.0,3.0,1.0,0.0,,Direct from Census,,,,,,,,,
duplicate,DEMOGRAPHICS,DEMO9,,Number and proportion of population aged 65 years and over (projected),This is a duplicate - delete it ,,1,1.0,1.0,3.0,1.0,2.0,2.0,2.0,1.0,1.0,1.0,1.0,1.0,18.0,13.0,1.38,9.0,3.0,1.0,0.0,,Core Indicator List,,Similar to DEMO2? But DEMO9 is not very clear and DEMO2 may be clearer and more specific,,,,,,Proportion to total population? ,
included,HEALTH BEHAVIOURS,BEHV16,Vaccinations,Percentage of older adults aged 65 years and over who have had a flu vaccine in the previous two years,,The proportion of people aged 65 years and over who received a flu vaccine in the last two years.,1,1.0,1.0,2.0,1.0,1.0,2.0,1.0,2.0,3.0,1.0,1.0,1.0,18.0,13.0,1.38,9.0,3.0,1.0,0.0,,Tilda,,,,,Source flu vaccine data for 65+  from HPSC instead of TILDA,,,,
included,VULNERABLE GROUPS,VULN6,"Smoking, alcohol and lifestyle",Smoking prevalence among Travellers aged 65 years and over,,The proportion of adults aged 65 years and over in the Traveller community who currently smoke.,1,1.0,1.0,2.0,2.0,1.0,1.0,1.0,1.0,1.0,3.0,1.0,2.0,18.0,13.0,1.38,9.0,3.0,1.0,0.0,,Core Indicator List,,,,,,,,,
included,HEALTHCARE USE,HUSE44,Cardiovascular conditions,"Congestive Heart Failure discharge rate per 1,000 population aged 65 years and over",remove word and bracket - (ACS condition) and add age cohort aged 65 years and over,"The number of hospital discharges of people with heart failure aged 65 years and over, per 1,000 population.",1,2.0,1.0,1.0,3.0,1.0,1.0,1.0,3.0,1.0,1.0,2.0,1.0,19.0,13.0,1.46,9.0,2.0,2.0,0.0,,Core Indicator List,,Clarity of definition: should this be over 65 years?,are these for the general population - not specific to over 65's ? Lower priority given not specified to be over 65's,,,,,,
included,FINANCES,FINA2,Socioeconomic status,"Percentage of people aged 65 years and over who are At Risk of Poverty (The at-risk-of-poverty rate measures the percentage of people whose income falls below a set threshold, typically 60% of the national median income)",,"The proportion of adults aged 65 years and over whose income is below the poverty threshold, typically 60% of the median income.",1,1.0,1.0,2.0,1.0,1.0,2.0,1.0,1.0,0.0,1.0,1.0,3.0,16.0,12.0,1.33,9.0,2.0,1.0,0.0,,SIA61C09,SIA61C09,Difficulty with definitions and need to discuss how to represent poverty indicators,,,,,,"All valid statistics but challenging for people unaware of them to understand the differences between 'at risk of poverty', 'consistent poverty' and 'finding it difficult to make ends meet' even with definitions",
included,HEALTHCARE USE,HUSE4,Emergency department use,Number of ED attendances,"remove temporarily for delphi survey - and revisit for inclusion in the DATA CATALOGUE.
delete HUSE4 (Core indicators) - no time period given; HUSE40 (TILDA) is the same indicator, but with a time line 'within the last year)",Number of times people aged 65 years and over went to an Emergency Department.,2,1.0,1.0,2.0,1.0,0.0,3.0,1.0,1.0,1.0,1.0,1.0,1.0,16.0,12.0,1.33,9.0,2.0,1.0,0.0,,Core Indicator List,,Specify for 65 years and over,,"REQUIRES AGE BREAKDOWN - 65+, 75+ AND PERCENTAGES (AS PER HSE PERFORMANCE REPORT)",Is this ED attendances for those aged 65+??,,,,
included,HEALTHCARE USE,HUSE11,Cardiovascular conditions,"Haemorrhagic stroke discharge rate for  per 1,000 population aged 65 years and over",Discharge rate had (65+) included; changed to aged 65 years and over,"The number of hospital discharges of people aged 65 years and over with stroke caused by bleeding in the brain, per 1,000 population",1,1.0,1.0,1.0,3.0,0.0,1.0,3.0,1.0,1.0,1.0,4.0,1.0,19.0,12.0,1.58,9.0,2.0,0.0,1.0,,Core Indicator List,,Clarity of definition: Number of persons discharged or number of discharges?,Discharge rates provide some useful info - caveat as to whether it will be no. of discharges for IHD or no. of persons discharged,,,,,,
duplicate,HEALTH STATUS,STAT2,,"Percent of persons over 65+ who are underweight, normal weight, overweightor obese",This is a duplicate - delete it,,1,1.0,2.0,3.0,1.0,1.0,1.0,1.0,1.0,3.0,3.0,1.0,1.0,20.0,13.0,1.54,9.0,1.0,3.0,0.0,,IH308C01,IH308C01,Irish Health Survey - very similar to STAT42,? Should this one come from TILDA ,,2 indicators on O/Weight & Obesity:   A3 source is from Irish Health Survey 2019.  A43 below is a TILDA indicator  Discussion required to select one only. ,,,,
included,HEALTHCARE AVAILABILITY AND INTEGRATION,HAVA1,Caregiving,Percentage of older adults aged 65 years and over who report unmet need for a community care service,,"The proportion of people aged 65 years and over who needed, but didn't get, services like home help or community nursing.",3,1.0,2.0,1.0,4.0,1.0,1.0,1.0,1.0,1.0,1.0,3.0,1.0,21.0,13.0,1.62,9.0,1.0,2.0,1.0,,Tilda,,TILDA  ,,,,,,,
included,HEALTHCARE USE,HUSE9,Cardiovascular conditions,"Ischaemic heart disease discharge rate per 1,000 population aged 65 years and over",Discharge rate had (65+) included; changed to aged 65 years and over,"The number of hospital discharges of people aged 65 years and over with stroke caused by blockage or narrowing of arteries, per 1,000 population",1,1.0,1.0,2.0,3.0,0.0,1.0,1.0,1.0,1.0,1.0,3.0,1.0,17.0,12.0,1.42,9.0,1.0,2.0,0.0,,Core Indicator List,,Clarity of definition: Number of persons discharged or number of discharges?,,,,,,,
included,DEMOGRAPHICS,DEMO14,Socioeconomic status,Population aged 65 years and over  by principal economic status: At work; Looking for first regular job; Unemployed short term; Unemployed long term; Student; Looking after home/family; Retired; Unable to work due to permanent sickness or disability; Other.,,"The proportion of adults aged 65 years and over who are retired, still working, unemployed, unable to work due to illness, or in other categories.",2,1.0,1.0,2.0,1.0,1.0,1.0,2.0,1.0,1.0,2.0,2.0,1.0,18.0,13.0,1.38,8.0,5.0,0.0,0.0,,Direct from Census,,,,,,,,,
included,PROVIDING CARE,PROV2,Caregiving,"Percentage of people aged 65 years and over who do provide care and are providing it to a family member
",changed to aged 65 years and over,"Among carers aged 65 years and over, the percentage who provide care to a family member.",2,1.0,1.0,1.0,2.0,2.0,2.0,1.0,1.0,1.0,1.0,1.0,2.0,18.0,13.0,1.38,8.0,5.0,0.0,0.0,,IH184C03,,Sarah: choose CENSUS over Irish Health Survey,,,,,,"Preference would be for census variables to be used, especially wrt to the regional aspects. Questions are very different and associated results are also. Census question has caring at 6% and health survey at 12%, different questions. ",
included,VULNERABLE GROUPS,VULN8,Caregiving,Number of persons funded under Nursing Home Support Scheme (NHSS) in long term residential care,,The number of people aged 65 years and over who are in long-term care funded by the Nursing Home Support Scheme.,2,1.0,2.0,2.0,2.0,1.0,2.0,1.0,1.0,1.0,1.0,1.0,1.0,18.0,13.0,1.38,8.0,5.0,0.0,0.0,,Core Indicator List,,,,,,,,,
included,HEALTH STATUS,STAT14,Loneliness and wellbeing,Percentage of people aged 65 years and over who rate their quality of life as good or very good,changed to aged 65 years and over,The percentage of adults aged 65 years and over  who feel they have a good or very good quality of life.,1,1.0,1.0,2.0,1.0,3.0,2.0,2.0,1.0,2.0,1.0,1.0,1.0,19.0,13.0,1.46,8.0,4.0,1.0,0.0,,HIS57C01,HIS57C01,Healthy Ireland indicator - could be confusion - should we keep this in if we already have health status?,,," This Healthy Ireland indicator relates to 'quality of life', as distinct to 'general health'.  Both HI 2024 and Census 2022 provide indicators for 'General Health status' as distinct from Quality of life.   ",,,"Internationally, this tends to be a multidimensional measure, rather than a single question. Quality of life and well-being occasionally considered interchangably. ",
included,HEALTH STATUS,STAT15,Loneliness and wellbeing,Percentage of people aged 65 years and over who rate their quality of life as poor or very poor,changed to aged 65 years and over,The percentage of adults aged 65 years and over who feel they have a poor or very poor quality of life.,1,1.0,1.0,2.0,1.0,3.0,2.0,2.0,1.0,2.0,1.0,1.0,1.0,19.0,13.0,1.46,8.0,4.0,1.0,0.0,,HIS57C02,HIS57C02,Healthy Ireland indicator - could be confusion - should we keep this in if we already have health status?,,," This Healthy Ireland indicator relates to 'quality of life', as distinct to 'general health'.  Both HI 2024 and Census 2022 provide indicators for 'General Health status' as distinct from Quality of life.   ",,,"If included, then poor or very poor may be the more meaningful measure",
included,HOUSING AND ENVIRONMENT,HOUS2,Living arrangements,Number of Persons aged 65 years and over in Private Households ,,"The number of adults aged 65 years and over living private homes, as opposed to institutional settings such as nursing homes.",2,1.0,1.0,2.0,1.0,2.0,2.0,1.0,1.0,1.0,1.0,1.0,3.0,19.0,13.0,1.46,8.0,4.0,1.0,0.0,,F3084C01,,Also add percentage (prefer percentage if only one can be used),,,,,,Number and % are useful but preference would be % if only one could be included. Number will increase as a result of pop increase. ,
included,HEALTH STATUS,STAT36,Falls and mobility,"Proportion of the population aged 65 years and over who have a difficulty with basic physical activities such as walking, climbing stairs, reaching, lifting or carrying (Yes, to a great extent, Yes to some extent, No)",proportion,"The proportion of adults aged 65 years and over who report difficulty with activities like walking, lifting or climbing stairs.",2,1.0,1.0,2.0,1.0,1.0,1.0,1.0,1.0,1.0,4.0,2.0,2.0,20.0,13.0,1.54,8.0,4.0,0.0,1.0,,Direct from Census,Direct from Census,,,,,,,,
included,HEALTH STATUS,STAT37,ADLs & IADLs,"Proportion of the population aged 65 years and over, as a result of a long-lasting condition, have difficulty doing any of the following: Dressing, bathing or getting around inside the home; Going outside the home to shop or visit a doctor’s surgery; Working at a job or business or attending school or college; Participating in other activities, for example leisure or using transport. ",,The proportion of adults aged 65 years and over who have trouble doing everyday tasks (like dressing or going out) due to a long-term health issue.,2,1.0,1.0,2.0,1.0,1.0,1.0,1.0,1.0,1.0,2.0,4.0,2.0,20.0,13.0,1.54,8.0,4.0,0.0,1.0,,Direct from Census,Direct from Census,Direct from Census 2022 - preferred indicator?,,duplicate,,,,,
included,HEALTHCARE USE,HUSE37,Day and community centre use,Percentage of older adults aged 65 years and over who attend Day Centre Servcies ,,"The proportion of people aged 65 years and over who use community day centres for social, health, or support services.",2,1.0,2.0,1.0,1.0,1.0,2.0,1.0,4.0,1.0,1.0,2.0,1.0,20.0,13.0,1.54,8.0,4.0,0.0,1.0,,Tilda,,,,,,,,,
included,VULNERABLE GROUPS,VULN16,Intellectual disability,Percentage of people aged 65 years and over  with an intellectual disability who report their health on a scale of very good to very bad,,The degree to which people with an intellectual disability who are aged 65 years and over rate their own health as good or bad.,1,1.0,1.0,2.0,2.0,1.0,2.0,0.0,1.0,1.0,2.0,1.0,1.0,16.0,12.0,1.33,8.0,4.0,0.0,0.0,,Core Indicator List,SIA61C11,"IDS TILDA could give more information - is this information from CENSUS and can we break it down by IHA? If not, can look at TILDA",,,,,A difficulty with these indicators is that there are very few people with ID aged > 65. IDS-TILDA could advise on the best approach here,,
included,CONNECTIONS AND PARTICIPATION,CONN3,Social participation,Percentage of those 60 years and over who used the internet in the last 3 months,,The percentage of people aged 60 years and over who have used the internet in the past three months.,3,1.0,1.0,3.0,1.0,1.0,2.0,1.0,1.0,1.0,1.0,2.0,2.0,20.0,13.0,1.54,8.0,3.0,2.0,0.0,,ICA96,,,,,,,,,
included,HEALTH BEHAVIOURS,BEHV1,Screening and preventive checks,Preventative Measures in the last 12 months of persons aged 65 years and over - Had blood pressure measured,Duplicate:   BEHV1 B.P measurement - Irish health Survey; ,The proportion of adults aged 65 years and over who had their blood pressure checked in the past year.,1,1.0,1.0,3.0,1.0,2.0,2.0,1.0,3.0,2.0,1.0,1.0,1.0,20.0,13.0,1.54,8.0,3.0,2.0,0.0,,IH279C01,,"Irish Health Survey 2019 - can we get latest data? Should we place under Preventive measures? If small numbers, can we include in IHA?",,,Source is Irish Health Survey 2019.,,,Small numbers,
included,HEALTH BEHAVIOURS,BEHV21,Screening and preventive checks,Percentage women aged 65 years and over who have had a Mammogram/X-ray,,The proportion of women aged 65 years and over who have had a breast cancer screening test.,1,1.0,2.0,3.0,2.0,1.0,1.0,1.0,1.0,3.0,1.0,2.0,1.0,20.0,13.0,1.54,8.0,3.0,2.0,0.0,,Tilda,,Clarity on definition - could move into prevention,I don’t understand - presume it should be mammogram/ultrasound. Group this with screening data if that is the case,,Source mammogram data from Breastcheck instead of TILDA,,,,
included,HEALTH BEHAVIOURS,BEHV3,Diabetes and metabolic conditions,Preventative Measures in the last 12 months of persons aged 65 years and over - Had blood sugar measured,,The proportion of adults aged 65 years and over who had their blood sugar checked in the past year.,1,1.0,1.0,3.0,1.0,2.0,2.0,1.0,3.0,2.0,1.0,1.0,1.0,20.0,13.0,1.54,8.0,3.0,2.0,0.0,,IH279C03,,"Irish Health Survey 2019 - can we get latest data? Should we place under Preventive measures? If small numbers, can we include in IHA?",These 3 could be presented together under preventative measures,,Source is Irish Health Survey 2019.,,,Small numbers,
included,HEALTH BEHAVIOURS,BEHV7,"Smoking, alcohol and lifestyle","Percentage of people aged 65 years and over who drink more than once per week, only once per week, 1-3 times per month, who have not drank in a month or longer, who have never drank ",changed to aged 65 years and over;  Change 'ho have not drank' to 'who have not drank',"The proportion of adults aged 65 years and over who drink alcohol, in categories ranging from never to more than once a week.",1,1.0,2.0,2.0,1.0,1.0,1.0,1.0,1.0,3.0,2.0,1.0,3.0,20.0,13.0,1.54,8.0,3.0,2.0,0.0,,HIS15C01,,"Healthy Ireland - would binge drinking in over 65s not tell us more - available over 65 and it is available in Healthy Ireland, but did not make the original cut",,,If using this indicator - a defintion needs to be included in the Profile.   this indicator refers to alcohol consumption in the past 12 months.  All of these indicators on alcohol appear to be bunched together here - this only gives an indication as to the 'frequecy of alcohol consumption' - would it be better to use an indicator for 'binge drinking' in 65+?   Healthy Ireland provides data on binge drinking for the age cohorts 65-74 and 75+;  see indicator HIS47C01.,,,,
included,CHRONIC DISEASES,CHRD4,Memory and cognition,Percentage of older adults aged 65 years and over who show evidence of mild cognitive impairment,,The proportion of people aged 65 years and over with early signs of memory or thinking difficulties.,2,1.0,2.0,4.0,1.0,1.0,2.0,1.0,1.0,1.0,1.0,3.0,1.0,21.0,13.0,1.62,8.0,3.0,1.0,1.0,,Tilda,,,,Challenging - This is a specific disease code thru ICD-10: CODE g31.84,,,,,
included,HEALTH BEHAVIOURS,BEHV12,"Smoking, alcohol and lifestyle",Percentage of people aged 65 years and over who use e-cigarettes,,The proportion of adults aged 65 years and over who currently use electronic cigarettes or vaping devices.,2,1.0,1.0,4.0,2.0,1.0,1.0,1.0,1.0,1.0,1.0,3.0,2.0,21.0,13.0,1.62,8.0,3.0,1.0,1.0,,HIS41C01,,Small number data?,,,,,,Very small numbers,
included,HEALTH STATUS,STAT28,Vision and hearing,Number of people aged 65 years and over who are deaf or have a hearing impairment by sex,"CHECK WITH DMcK:  ???Duplicate STAT28 (row 68) and STAT27 (row 79); both sources core indicators; STAT 28 is by sex, whereas STAT 27 is the whole population","The number of people aged 65 years and over with hearing difficulties, broken down by sex.",1,1.0,1.0,2.0,2.0,1.0,1.0,1.0,1.0,2.0,4.0,1.0,3.0,21.0,13.0,1.62,8.0,3.0,1.0,1.0,,Core Indicator List,Core Indicator List,,,,,,,,"Overlap with row 28, 30"
included,HEALTH STATUS,STAT34,Population demographics,Population by general health - female. Self-reported general health of adults aged 65 years and over (Displayed  as: Very good; Good; Fair; Bad; Very bad; Not stated),,"The proportion of women aged 65 years and over who rate their general health in categories, from very good to very bad.",3,1.0,1.0,2.0,2.0,1.0,2.0,1.0,1.0,1.0,1.0,4.0,1.0,21.0,13.0,1.62,8.0,3.0,1.0,1.0,,HAI Census parameters,HAI Census parameters,,,duplicate,,,,,
included,HEALTH STATUS,STAT35,Population demographics,Population by general health - Male. Self-reported general health of adults aged 65 years and over (Displayed  as: Very good; Good; Fair; Bad; Very bad; Not stated),,"The proportion of men aged 65 years and over who rate their general health in categories, from very good to very bad.",3,1.0,1.0,2.0,2.0,1.0,2.0,1.0,1.0,1.0,1.0,4.0,1.0,21.0,13.0,1.62,8.0,3.0,1.0,1.0,,HAI Census parameters,HAI Census parameters,,,duplicate,,,,,
included,VULNERABLE GROUPS,VULN9,Living arrangements,Number of Nursing Home Support Scheme (NHSS) beds in public long stay units,,The number of publicly funded beds available under the NHSS for long-term residential care.,2,1.0,2.0,3.0,2.0,1.0,1.0,1.0,1.0,1.0,1.0,4.0,1.0,21.0,13.0,1.62,8.0,3.0,1.0,1.0,,Core Indicator List,,,,"THIS INDICATOR IS WORDED INCORRECTLY - ALL BEDS IN PUBLIC UNITS FOR OLDER ADULTS ARE VIA NHSS, NOT ALL BEDS IN PRIVATE nh ARE ACCESSED VIA NHSS ",,,,,
included,HEALTH BEHAVIOURS,BEHV19,Screening and preventive checks,Percentage men aged 65 years and over who have had a prostate exam in the previous 2 years,TB check tILDA questionwith Mark ward - wave 5 2018. :  BEHV19 is TILDA source: check timelines - in the last 2 years??,The proportion of men aged 65 years and over who have been screened for prostate health by means of a prostate examination,1,1.0,2.0,4.0,2.0,1.0,1.0,1.0,1.0,1.0,4.0,2.0,1.0,22.0,13.0,1.69,8.0,3.0,0.0,2.0,,Tilda,,Consider group with preventive measures,group this with preventative measures 1-3,,,,,,
included,HEALTH STATUS,STAT22,Vision and hearing,Number of people aged 65 years and over  who are blind or have a visual impairment by sex,,"The number of adults aged 65 years and over with serious sight loss, shown by sex.",3,1.0,1.0,3.0,2.0,1.0,1.0,1.0,1.0,2.0,4.0,1.0,1.0,22.0,13.0,1.69,8.0,2.0,2.0,1.0,,Core Indicator List,Core Indicator List,,,,,,,,"Overlap with row 22, 24"
included,HEALTH STATUS,STAT40,ADLs & IADLs,Percentage of older adults aged 65 years and over who report limitations in Activites in Daily Living (ADLs),,"The proportion of people aged 65 years and over who need help with everyday personal care tasks like bathing, dressing, or eating.",2,1.0,1.0,2.0,1.0,3.0,1.0,1.0,1.0,3.0,1.0,4.0,1.0,22.0,13.0,1.69,8.0,2.0,2.0,1.0,,Tilda,Tilda,,,duplicate,If Census data can provide data on ADL's - choose Census over TILDA,,Some of these items overlap with rows 37 and 38. CSO would be a better source than TILDA lathough not as frequent,"Census variables on difficulties are similar to ADLs, may be more valuable",
included,HEALTHCARE USE,HUSE29,Respiratory conditions,"Lower respiratory infection discharge rate per 1,000 population aged 65 years and over",Discharge rate had (65+) included; changed to aged 65 years and over,"The number of hospital discharges for lung infections (like bronchitis or pneumonia) per 1,000 adults aged 65 years and over.",1,1.0,1.0,1.0,3.0,0.0,2.0,3.0,1.0,1.0,1.0,2.0,1.0,18.0,12.0,1.5,8.0,2.0,2.0,0.0,,Core Indicator List,,Clarity of definition: Number of persons discharged or number of discharges?,,DUPLICATE,,,,,
included,HEALTHCARE USE,HUSE30,Falls and mobility,"Falls discharge rate per 1,000 population aged 65 years and over",Discharge rate had (65+) included; changed to aged 65 years and over,"The number of hospital discharges due to falls per 1,000 adults aged 65 years and over",1,1.0,1.0,2.0,3.0,0.0,1.0,3.0,1.0,1.0,1.0,2.0,1.0,18.0,12.0,1.5,8.0,2.0,2.0,0.0,,Core Indicator List,,Clarity of definition: Number of persons discharged or number of discharges?,,,,,,,
included,HEALTHCARE USE,HUSE24,Memory and cognition,"Alzheimer's disease discharge rate per 1,000 population aged 65 years and over",Discharge rate had (65+) included; changed to aged 65 years and over,"The number of hospital discharges for Alzheimer's disease per 1,000 adults aged 65 years and over",1,1.0,1.0,2.0,3.0,0.0,1.0,3.0,1.0,1.0,1.0,2.0,1.0,18.0,12.0,1.5,8.0,2.0,1.0,0.0,,Core Indicator List,,Clarity of definition: Number of persons discharged or number of discharges?,,,,,,,
included,HEALTHCARE USE,HUSE3,Caregiving,Percentage of people aged 65 and over who have been admitted as a day case by sex and year,changed to aged 65 years and over,"The proportion of adults aged 65 years and over who were admitted to hospital for day-only care, by sex and year.",3,1.0,1.0,1.0,2.0,0.0,1.0,1.0,1.0,1.0,1.0,4.0,2.0,19.0,12.0,1.58,8.0,2.0,0.0,2.0,,HIS25C01,,,,? ACCURACY OF INDICATOR - DO YOU MEAN HOSPITAL DAY ADMISSION - DAY SURGERY/ENDOSCOPY/CHEMO OR day care centre,,,,,
duplicate,HEALTH STATUS,STAT27,Vision and hearing,Number of people aged 65 years and over who are deaf or have a hearing impairment,"Deciosn 1.07.25 5o use muber and sex 
CHECK WITH DMcK:  ???Duplicate STAT28 (row 68) and STAT27 (row 79); both sources core indicators; STAT 28 is by sex, whereas STAT 27 is the whole population",The number of adults aged 65 years and over who report difficulty hearing.,1,1.0,1.0,3.0,3.0,1.0,2.0,1.0,1.0,1.0,4.0,1.0,3.0,23.0,13.0,1.77,8.0,1.0,3.0,1.0,,Core Indicator List,Core Indicator List,,,,,,,,
included,HEALTHCARE USE,HUSE45,Respiratory conditions,"Pneumonia discharge rate per 1,000 population aged 65 years and over",remove word and bracket - (ACS condition) and add age cohort aged 65 years and over,"The number of hospital discharges due to pneumonia per 1,000 people aged 65 years and over.",1,2.0,1.0,1.0,3.0,1.0,1.0,3.0,3.0,1.0,1.0,4.0,1.0,23.0,13.0,1.77,8.0,1.0,3.0,1.0,,Core Indicator List,,Clarity of definition: should this be over 65 years?,,DUPLICATE,,,,,
included,DEMOGRAPHICS,DEMO3,Population demographics,Projected Dependency Ratios from 2022,definiton for projected dependency ratio - DMk- done,"Estimates showing the possible future number of people aged 65 years and over, compared to those of working age, used to plan future services. Dependency ratio: The dependency ratio is a demographic indicator that compares the number of people considered to be dependents (too young or too old to be in the workforce) to the number of people considered to be in the working-age population. It essentially measures the burden on the working population to support the non-working age groups ( can be calculated by adding people aged 0-15 to those aged 65+ and dividing the whole lot by people aged 16-64 years)",1,1.0,1.0,2.0,1.0,1.0,0.0,3.0,1.0,1.0,3.0,3.0,1.0,19.0,12.0,1.58,8.0,1.0,3.0,0.0,,PEC22C01,,,,,,,,,Not clear to me what this is or means
duplicate - remove TILDA,HEALTH BEHAVIOURS,BEHV18,Diabetes and metabolic conditions,Percentage of older adults aged 65 years and over who have had a blood test for cholesterol (IN THE PAST YEAR?),DELETE for delphi but re-consider after delphi- and used HIS_  BEHV18 - tilda source - no time given,The proportion of adults aged 65 years and over who had their cholesterol checked in the past year.,1,1.0,1.0,4.0,2.0,1.0,3.0,1.0,1.0,3.0,1.0,4.0,1.0,24.0,13.0,1.85,8.0,1.0,2.0,2.0,,Tilda,,Consider group with preventive measures,group this with preventative measures 1-3,duplicate,,,,,
included,HEALTHCARE USE,HUSE12,Cardiovascular conditions,"Hypertensive heart disease discharge rate for per 1,000 population aged 65 years and over",Discharge rate had (65+) included; changed to aged 65 years and over,"The number of hospital discharges for hypertensive heart disease per 1,000 adults aged 65 years and over",1,1.0,1.0,2.0,3.0,0.0,1.0,3.0,1.0,1.0,1.0,4.0,1.0,20.0,12.0,1.67,8.0,1.0,2.0,1.0,,Core Indicator List,,Clarity of definition: Number of persons discharged or number of discharges?,probably needs to be clear for interpretation of data. Doesn’t equate to prevalance of particular conditions,,,,,,
included,HEALTHCARE USE,HUSE13,Cancer,"Tracheal, bronchial and lung cancer discharge rate for per 1,000 population aged 65 years and over",Discharge rate had (65+) included; changed to aged 65 years and over,"The number of hospital discharges due to cancers of the lung and airways per 1,000 adults aged 65 years and over",1,1.0,1.0,2.0,3.0,0.0,1.0,3.0,1.0,1.0,1.0,4.0,1.0,20.0,12.0,1.67,8.0,1.0,2.0,1.0,,Core Indicator List,,Clarity of definition: Number of persons discharged or number of discharges?,,,,,,,
included,HEALTHCARE USE,HUSE14,Cancer,"Breast cancer discharge rate per 1,000 population aged 65 years and over",Discharge rate had (65+) included; changed to aged 65 years and over,"The number of hospital discharges for breast cancer per 1,000 adults aged 65 years and over",1,1.0,1.0,2.0,3.0,0.0,1.0,3.0,1.0,1.0,1.0,4.0,1.0,20.0,12.0,1.67,8.0,1.0,2.0,1.0,,Core Indicator List,,Clarity of definition: Number of persons discharged or number of discharges?,,,,,,,
included,HEALTHCARE USE,HUSE15,Cancer,"Colorectal cancer discharge rate per 1,000 population aged 65 years and over",Discharge rate had (65+) included; changed to aged 65 years and over,"The number of hospital discharges for colon or rectal cancer per 1,000 adults aged 65 years and over",1,1.0,1.0,2.0,3.0,0.0,1.0,3.0,1.0,1.0,1.0,4.0,1.0,20.0,12.0,1.67,8.0,1.0,2.0,1.0,,Core Indicator List,,Clarity of definition: Number of persons discharged or number of discharges?,,,,,,,
included,HEALTHCARE USE,HUSE22,Diabetes and metabolic conditions,"Diabetes discharge rate per 1,000 population aged 65 years and over",Discharge rate had (65+) included; changed to aged 65 years and over,"The number of hospital discharges related to diabetes per 1,000 adults aged 65 years and over",1,1.0,1.0,2.0,3.0,0.0,1.0,3.0,1.0,1.0,1.0,4.0,1.0,20.0,12.0,1.67,8.0,1.0,2.0,1.0,,Core Indicator List,,Clarity of definition: Number of persons discharged or number of discharges?,,,,,,,
included,HEALTHCARE USE,HUSE23,Kidney and urinary,"Chronic kidney disease discharge rate per 1,000 population aged 65 years and over",Discharge rate had (65+) included; changed to aged 65 years and over,"The number of hospital discharges for long-term kidney disease per 1,000 adults aged 65 years and over",1,1.0,1.0,2.0,3.0,0.0,1.0,3.0,1.0,1.0,1.0,4.0,1.0,20.0,12.0,1.67,8.0,1.0,2.0,1.0,,Core Indicator List,,Clarity of definition: Number of persons discharged or number of discharges?,,,,,,,
included,VULNERABLE GROUPS,VULN5,Population demographics,Travellers  aged 65 years and over self-reported general health (very bad to very good),,The proportion of adults aged 65 years and over in the Traveller community who rate their general health in categories from very bad to very good,1,1.0,1.0,2.0,2.0,1.0,2.0,1.0,1.0,1.0,2.0,2.0,2.0,19.0,13.0,1.46,7.0,6.0,0.0,0.0,,Core Indicator List,,,,,,,,,
included,HEALTH STATUS,STAT38,Memory and cognition,"Proportion of the population aged 65 years and over who have a difficulty with learning, remembering or concentrating.",CHECK WITH DMcK:  Proportion Vs Percentage,The proportion of people aged 65 years and over who report problems with memory or thinking.,2,1.0,1.0,3.0,1.0,1.0,1.0,2.0,1.0,1.0,2.0,2.0,2.0,20.0,13.0,1.54,7.0,5.0,1.0,0.0,,Direct from Census,Direct from Census,,,,,,,,
duplicate,HEALTH STATUS,STAT44,,Average self-reported loneliness among older adults (65+)(UCLA loneliness),delete and use alternative. On 290525- expert panel advised against Stat44 'Average self-reported loneliness' and instead use STAT 45 'Frequency of Loneliness in a week',"A measure of how lonely older people feel, based on responses to the UCLA Loneliness Scale.",2,1.0,1.0,2.0,1.0,1.0,1.0,1.0,1.0,3.0,2.0,2.0,2.0,20.0,13.0,1.54,7.0,5.0,1.0,0.0,,Tilda,Tilda,,,,Emotional wellbeing indicator on loneliness reported by SILC (2024) ;  Question SILC Vs TILDA?,,,,
included,HEALTH STATUS,STAT5,ADLs & IADLs,Proportion of persons aged 65 years and over with personal care difficulties ,changed to 'aged' 65 years and over';  CHECK WITH DMcK:  Proportion Vs Percentage,"The percentage of people aged 65 years and over who have trouble with daily personal tasks like washing, dressing, or using the toilet.",2,1.0,1.0,3.0,2.0,1.0,1.0,1.0,1.0,2.0,2.0,1.0,2.0,20.0,13.0,1.54,7.0,5.0,1.0,0.0,,IH199C01,IH199C01,,,,,,,,
included,HEALTH STATUS,STAT6,ADLs & IADLs,Proportion of persons aged 65 and over who would usually receive help for at least one activity ,changed to 'aged' 65 years and over'; CHECK WITH DMcK:  Proportion Vs Percentage,The proportion of adults aged 65 years and over who get help from others for at least one daily activity.,2,1.0,1.0,3.0,1.0,1.0,1.0,1.0,1.0,2.0,2.0,2.0,2.0,20.0,13.0,1.54,7.0,5.0,1.0,0.0,,IH199C03,IH199C03,,,,,,,,
included,PROVIDING CARE,PROV3,Caregiving,Proportion of those 65 and over who are providing less than 10 hours of care per week,changed to 65 years and over; CHECK WITH DMcK:  Proportion Vs Percentage,The percentage of adults aged 65 years and over who provide unpaid care for less than 10 hours a week.,3,1.0,2.0,1.0,1.0,2.0,1.0,2.0,1.0,1.0,1.0,2.0,2.0,20.0,13.0,1.54,7.0,5.0,1.0,0.0,,IH190C01,,Sarah: choose CENSUS over Irish Health Survey,,,,,,,
included,PROVIDING CARE,PROV4,Caregiving,Percentage of those 65 and over who are providing at least 10 but less than 20 hours of care per week,changed to 65 years and over; ,The percentage of adults aged 65 years and over providing 10 to 19 hours of unpaid care each week.,3,1.0,2.0,1.0,1.0,2.0,1.0,2.0,1.0,1.0,1.0,2.0,2.0,20.0,13.0,1.54,7.0,5.0,1.0,0.0,,IH190C02,,Sarah: choose CENSUS over Irish Health Survey,,,,,,,
included,PROVIDING CARE,PROV5,Caregiving,Percentage of those 65 and over who are providing care  20 hours per week or more,changed to 65 years and over; ,The percentage of adults aged 65 years and over providing 20 or more hours of unpaid care weekly.,3,1.0,2.0,1.0,1.0,2.0,1.0,2.0,1.0,1.0,1.0,2.0,2.0,20.0,13.0,1.54,7.0,5.0,1.0,0.0,,IH190C03,,Sarah: choose CENSUS over Irish Health Survey,,,,,,,
included,HEALTHCARE USE,HUSE5,Emergency department use,"Percentage of ED attendances among people aged 65 years and over that are converted to hospital admissions, by year",changed to 65 years and over; ,The percentage of Emergency Department visits among people aged 65 years and over that result in a hospital admission in a given year.,2,1.0,2.0,2.0,1.0,0.0,2.0,2.0,1.0,1.0,1.0,1.0,1.0,17.0,12.0,1.42,7.0,5.0,0.0,0.0,,Core Indicator List,,Specify for 65 years and over,proportion of ED attendances that become admissions would be useful,"REQUIRES AGE BREAKDOWN - 65+, 75+ AND PERCENTAGES (AS PER HSE PERFORMANCE REPORT)",Is this ED to admission conversions specifically for those aged 65+??,,,,
included,HEALTH BEHAVIOURS,BEHV2,Screening and preventive checks,Preventative Measures in the last 12 months of persons aged 65 years and over - Had blood cholesterol measured,RETAIN BEHV2  cholesterol indicator. Source is Irish health survey.,The proportion of adults aged 65 years and over who had their cholesterol levels checked in the last year.,1,1.0,1.0,3.0,2.0,2.0,2.0,1.0,3.0,2.0,1.0,1.0,1.0,21.0,13.0,1.62,7.0,4.0,2.0,0.0,,IH279C02,,"Irish Health Survey 2019 - can we get latest data? Should we place under Preventive measures? If small numbers, can we include in IHA?",,,Source is Irish Health Survey 2019.,,,Small numbers,
included,VULNERABLE GROUPS,VULN4,Population demographics,Travellers aged 65 years and over experiencing at least one long-lasting condition or difficulty to any extent,,The percentage of Travellers aged 65 years and over who report at least one ongoing illness or disability.,1,1.0,2.0,3.0,2.0,1.0,2.0,1.0,1.0,1.0,3.0,1.0,2.0,21.0,13.0,1.62,7.0,4.0,2.0,0.0,,Core Indicator List,,,,,,,,,
included,VULNERABLE GROUPS,VULN13,Socioeconomic status,Deprivation level of people aged 65 years and over with an intellectual disability (%),,The percentage of people with an intellectual disability aged 65 years and over living in an area who are in different categories of deprivation/disadvantaged,1,1.0,1.0,2.0,2.0,1.0,1.0,0.0,1.0,2.0,3.0,2.0,1.0,18.0,12.0,1.5,7.0,4.0,1.0,0.0,,Core Indicator List,,"IDS TILDA could give more information - is this information from CENSUS and can we break it down by IHA? If not, can look at TILDA",,,,,A difficulty with these indicators is that there are very few people with ID aged > 65. IDS-TILDA could advise on the best approach here,,
included,HEALTH BEHAVIOURS,BEHV17,Socioeconomic status,Percentage of older adults  aged 65 years and over who have had a COVID vaccine in the previous two years,TB to check and clairfy with Mark Ward TILDA.  Check if the Covid vaccination was within the previous 2 years?,The proportion of adults aged 65 years and over who have received a COVID-19 vaccination.,1,1.0,1.0,3.0,3.0,1.0,2.0,1.0,2.0,3.0,1.0,2.0,1.0,22.0,13.0,1.69,7.0,3.0,3.0,0.0,,Tilda,,,,,Source COVID vaccine data for 65+  from HPSC instead of TILDA,,,,
duplicate,HEALTHCARE USE,HUSE47,,"Angina discharge rate per 1,000 population (ACS Condition)",This is a duplicate - delete it,,2,2.0,1.0,1.0,3.0,1.0,1.0,3.0,3.0,1.0,1.0,2.0,1.0,22.0,13.0,1.69,7.0,3.0,3.0,0.0,,Core Indicator List,,REPETITION,,,,,,,
included,HEALTHCARE USE,HUSE49,Hospital admissions,"Influenza discharge rate per 1,000 population  for those aged 65 years and over ",remove word and bracket - (ACS condition) and add age cohort aged 65 years and over,"The number of hospital discharges for flu per 1,000 adults aged 65 years and over ",2,2.0,1.0,1.0,3.0,1.0,1.0,3.0,3.0,1.0,1.0,2.0,1.0,22.0,13.0,1.69,7.0,3.0,3.0,0.0,,Core Indicator List,,Clarity of definition: should this be over 65 years?,,,,,,,
duplicate,HEALTHCARE USE,HUSE51,,"UTI discharge rate per 1,000 population (ACS Condition)",This is a duplicate - delete it,,2,2.0,1.0,1.0,3.0,1.0,1.0,3.0,3.0,1.0,1.0,2.0,1.0,22.0,13.0,1.69,7.0,3.0,3.0,0.0,,Core Indicator List,,REPETITION,,,,,,,
included,HEALTHCARE USE,HUSE27,Respiratory conditions,"Asthma discharge rate per 1,000 population for those aged 65 years and over",,"The number of hospital discharges for asthma per 1,000 adults aged 65 years and over",1,1.0,1.0,2.0,3.0,0.0,2.0,3.0,1.0,1.0,1.0,2.0,1.0,19.0,12.0,1.58,7.0,3.0,2.0,0.0,,Core Indicator List,,Clarity of definition: Number of persons discharged or number of discharges?,,,,,,,
included,VULNERABLE GROUPS,VULN11,Intellectual disability,Gender breakdown of people  with an intellectual disability over 65 (%),CHECK WITH DMcK:  Proportion Vs Percentage,"The percentage of people aged 65 years and over with an intellectual disability, categorised  by sex.",3,2.0,1.0,3.0,2.0,1.0,2.0,0.0,1.0,1.0,1.0,1.0,1.0,19.0,12.0,1.58,7.0,3.0,2.0,0.0,,Core Indicator List,,"IDS TILDA could give more information - is this information from CENSUS and can we break it down by IHA? If not, can look at TILDA",,,,,A difficulty with these indicators is that there are very few people with ID aged > 65. IDS-TILDA could advise on the best approach here,,
included,CONNECTIONS AND PARTICIPATION,CONN4,Loneliness and wellbeing,Percentage of individuals aged 65 years and above who are feeling lonely by frequency and year,,"The percentage of adults aged 65 years and over who report feeling lonely, shown by year.",2,1.0,1.0,2.0,1.0,1.0,1.0,1.0,4.0,3.0,1.0,4.0,2.0,24.0,13.0,1.85,7.0,3.0,1.0,2.0,,WBB22C01,,SILC 2024 - overlaps with other loneliness parameters,,duplicate,need to consolidate all of the loneliness indicators and choose one,Reported also in an another indicator?duplication,,,overlaps with other loneyness indicators on prev tabs
included,FINANCES,FINA3,Socioeconomic status,"Consistent Poverty Rate for those aged 65 years and over, expressed as a percentage",,The percentage of adults aged 65 years and over who live below the poverty line and  who lack basic necessities.,1,1.0,1.0,2.0,1.0,1.0,2.0,1.0,1.0,2.0,4.0,4.0,3.0,24.0,13.0,1.85,7.0,3.0,1.0,2.0,,SIA61C11,SIA61C11,,,WOULD NEED TO DISUCSS THIS AND THE MEASURE ABOVE TO DETERMINE WHICH IS BETTER FIT,There are a number of indicators on poverty - 'Consistent' and 'At risk of poverty' - don’t know which one is most appropriate?  ,,,,
included,HEALTH STATUS,STAT43,"Smoking, alcohol and lifestyle","Percentage of older adults aged 65 years and over with low, medium and high physical activity levels (Short IPAQ questionnaire)",,The percentage of people aged 65 years and older who report different physical activity levels,3,1.0,2.0,2.0,1.0,1.0,1.0,1.0,1.0,1.0,4.0,4.0,2.0,24.0,13.0,1.85,7.0,3.0,1.0,2.0,,Tilda,Tilda,"?Move in under Health behaviours? Feedback from Expert Panel - 2 indicators on physical activity. What is meant by low, medium and high physical activity",,duplicate,"Using IPAQ to determine physical activity levels is the recognised gold standard - would be important if using this indicator to define low, medium and high levels of physical activity (e.g. in minutes per week or meeting currecnt physical activity recommendations).  NOTE: A PHYSICAL ACTIVITY INDICATOR IS ALSO INCLUDED UNDER HEALTH BEHAVIOURS in A14.  SELECT ONE PHYSICAL ACTIVITY INDICATOR ONLY?",,,,
included,HEALTHCARE USE,HUSE46,Hospital admissions,"Dehydration discharge rate per 1,000 population  aged 65 years and over",remove word and bracket - (ACS condition) and add age cohort aged 65 years and over,"The number of hospital discharges  for dehydration per 1,000 population aged 65 years and over",2,3.0,1.0,1.0,3.0,1.0,1.0,3.0,3.0,1.0,1.0,2.0,1.0,23.0,13.0,1.77,7.0,2.0,4.0,0.0,,Core Indicator List,,Clarity of definition: should this be over 65 years?,,,,,,,
included,HEALTH BEHAVIOURS,BEHV13,"Smoking, alcohol and lifestyle",Percentage of people aged 65 years and above achieving National Physical Activity Guidelines by sex and year,,"The proportion of adults aged 65 years and over meeting official exercise guidelines, categorised by sex and year.",2,1.0,1.0,3.0,1.0,1.0,1.0,1.0,1.0,3.0,4.0,3.0,2.0,24.0,13.0,1.85,7.0,2.0,3.0,1.0,,HIS67C01,,Preferred Physical Activity indicator (replacing BEH6),,I'd question universality of knowledge re-guidelines in pop'n ,A physical activity indicator (TILDA) is included under Health Status (A44) - SELECT ONE PHYSICAL ACTIVITY INDICATOR ONLY - possibly the TILDA indicator?,,,,
included,HEALTHCARE USE,HUSE19,Mental health,"Depression and bipolar disorders discharge rate per 1,000 population aged 65 years and over",Discharge rate had (65+) included; changed to aged 65 years and over,"The number of discharges for mental health conditions including depression or bipolar disorder per 1,000 adults aged 65 years and over",1,1.0,1.0,2.0,3.0,0.0,2.0,3.0,1.0,1.0,1.0,4.0,1.0,21.0,12.0,1.75,7.0,2.0,2.0,1.0,,Core Indicator List,,Clarity of definition: Number of persons discharged or number of discharges?,,,,,,,
included,HEALTHCARE USE,HUSE20,Mental health,"Anxiety discharge rate per 1,000 population aged 65 years and over",Discharge rate had (65+) included; changed to aged 65 years and over,"The number of hospital discharges rate for anxiety disorders per 1,000 adults aged 65 years and over",1,1.0,1.0,2.0,3.0,0.0,2.0,3.0,1.0,1.0,1.0,4.0,1.0,21.0,12.0,1.75,7.0,2.0,2.0,1.0,,Core Indicator List,,Clarity of definition: Number of persons discharged or number of discharges?,,,,,,,
included,HEALTHCARE USE,HUSE21,Mental health,"Schizophrenia discharge rate per 1,000 population aged 65 years and over",Discharge rate had (65+) included; changed to aged 65 years and over,"The number of hospital discharges rate for schizophrenia per 1,000 adults aged 65 years and over",2,1.0,1.0,2.0,3.0,0.0,1.0,3.0,1.0,1.0,1.0,4.0,1.0,21.0,12.0,1.75,7.0,2.0,2.0,1.0,,Core Indicator List,,Clarity of definition: Number of persons discharged or number of discharges?,,,,,,,
included,PROVIDING CARE,PROV1,Caregiving,"Percentage of those aged 65 years and over who provide care or assistance to one or more persons suffering from some age related problem, chronic health condition or infirmity, at least once a week",,The proportion of adults aged 65 years and over who regularly help someone with age-related or chronic health issues.,2,1.0,1.0,1.0,1.0,0.0,2.0,1.0,1.0,1.0,3.0,4.0,3.0,21.0,12.0,1.75,7.0,2.0,2.0,1.0,,IH184C01,,Sarah: choose CENSUS over Irish Health Survey,,,,,,,
included,HEALTHCARE USE,HUSE26,Respiratory conditions,"COPD discharge rate per 1,000 population aged 65 years and over",aged 65 years and over,"The number of hospital discharges for chronic obstructive pulmonary disease per 1,000 adults aged 65 years and over",1,1.0,1.0,2.0,3.0,0.0,0.0,3.0,1.0,1.0,1.0,2.0,1.0,17.0,11.0,1.55,7.0,2.0,2.0,0.0,"Above the cut-off point, the majority of voters (7/13) have selected a preferential ""1"" score for these parameters",Core Indicator List,,Clarity of definition: Number of persons discharged or number of discharges?,,,,,,,Unsure what COPD is
excluded,CONNECTIONS AND PARTICIPATION,CONN6,,Proportion of the population 65+ who regularly engage in helping or voluntary work in any of the following activities without pay: A social or charitable organisation; A religious group or church; A sporting organisation; A political organisation; In your community; No.,,,3,1.0,2.0,2.0,1.0,1.0,2.0,1.0,1.0,1.0,2.0,2.0,2.0,21.0,13.0,1.62,6.0,6.0,1.0,0.0,"Below the cut-off point, the minority of voters (6/13) have selected a preferential ""1"" score for these parameters",Direct from Census,,CENSUS: similar to CONN9 - which to choose?,,,,,,,
excluded,HEALTH BEHAVIOURS,BEHV4,,Preventative Measures in the last 12 months of persons aged 65 years and over - Had a Faecal Occult Test,,,1,1.0,2.0,2.0,2.0,2.0,2.0,1.0,3.0,2.0,1.0,1.0,1.0,21.0,13.0,1.62,6.0,6.0,1.0,0.0,,IH279C04,,"Irish Health Survey 2019 - can we get latest data? Should we place under Preventive measures? If small numbers, can we include in IHA?",group this with screening uptake perhaps?,,Source is Irish Health Survey 2019.,,,Small numbers,
Maybe,HEALTH STATUS,STAT3,Loneliness and wellbeing,"Percentage of people aged 65 years and above with Low, Medium, High, Not Stated, overall life satisfaction","move to 'included bucket' .  excluded using 'No.1 preference' methodology, but included using 'median' methodology; Decision made 06052025 by MB, DMcK, GS & TB","The percentage of people aged 65 years and over who satisfied are with their life overall, rated from low to high.",2,1.0,1.0,3.0,1.0,2.0,2.0,1.0,1.0,2.0,2.0,2.0,1.0,21.0,13.0,1.62,6.0,6.0,1.0,0.0,,WBB64C01,WBB64C01,,,,,,,,
Maybe,HEALTHCARE USE,HUSE8,Home and community supports,Number of persons aged 65 years and over in receipt of Intensive Home Care Packages (IHCP) ,"move to 'included bucket' .  excluded using 'No.1 preference' methodology, but included using 'median' methodology; Decision made 06052025 by MB, DMcK, GS & TB ",The number of adults aged 65 years and over receiving higher-level home care through the IHCP scheme.,1,1.0,2.0,2.0,2.0,0.0,1.0,1.0,1.0,1.0,2.0,2.0,2.0,18.0,12.0,1.5,6.0,6.0,0.0,0.0,,Core Indicator List,,,,,,,,,
Maybe,DEMOGRAPHICS,DEMO16,Population demographics,Percentage of Population aged 65 years and over by marital status.,move to 'included bucket'.'maybe' requested by clodagh lawlor. ,"The percentage of people aged 65 years and over who are single, married, widowed, divorced, etc.",1,1.0,2.0,3.0,2.0,2.0,2.0,1.0,1.0,1.0,3.0,2.0,1.0,22.0,13.0,1.69,6.0,5.0,2.0,0.0,,Direct from Census,,,,,,,,,
Maybe,EDUCATION AND SKILLS ,EDUS2,Socioeconomic status,Percentage of population aged 65 years and over by highest level of education completed,move to 'included bucket'.'maybe' requested by Clodagh Lawlor & Mike O' Callaghan ,"The percentage of adults aged 65 years and over who, during their lifetime, have completed different levels of education.",3,1.0,2.0,2.0,1.0,1.0,2.0,1.0,1.0,1.0,3.0,2.0,2.0,22.0,13.0,1.69,6.0,5.0,2.0,0.0,,F8039C02,,,,,,,,,
Maybe,CONNECTIONS AND PARTICIPATION,CONN7,Social participation,Percentage of older adults aged 65 years and over who engage in one or more social leisure activity at least once a week,,"The percentage of people aged 65 years and over who take part in activities like clubs, hobbies, or social events weekly.",2,1.0,2.0,2.0,1.0,1.0,2.0,1.0,1.0,1.0,3.0,0.0,2.0,19.0,12.0,1.58,6.0,5.0,1.0,0.0,,Tilda,,,,,,,,,
Maybe,HEALTHCARE USE,HUSE6,Home and community supports,Number of home support hours provided to those aged 65 and over (exclusing provision of hours from Intensive Home Care Packages IHCPs) ,,"Number of  hours of basic support services provided to adults aged 65 years and over, excluding intensive care.",1,2.0,2.0,4.0,1.0,0.0,2.0,1.0,1.0,1.0,2.0,1.0,2.0,20.0,12.0,1.67,6.0,5.0,0.0,1.0,,Core Indicator List,,,,,,,,,
excluded,VULNERABLE GROUPS,VULN1,,Persons aged 65 years and over who experienced discrimination (%),,The rate of hospital discharges for dementia caused by conditions other than Alzheimerâ€™s.,1,1.0,1.0,3.0,2.0,1.0,2.0,2.0,1.0,1.0,3.0,2.0,3.0,23.0,13.0,1.77,6.0,4.0,3.0,0.0,,EQQ03C01,,QHNS data latest data Q1 2019 - what is the latest date available?,captured in demographics also,,An ageism/discrimination indicator also appears under 'DEMOGRAPHICS' - a TILDA source,,,,
excluded,HEALTH BEHAVIOURS,BEHV22,,Percentage women 65+ who check for breast lumps,,Living arrangements of older adults with an intellectual disability.,2,1.0,2.0,4.0,2.0,1.0,1.0,1.0,1.0,3.0,3.0,2.0,1.0,24.0,13.0,1.85,6.0,4.0,2.0,1.0,,Tilda,,Could move into prevention,preventative behaviour,,,,,,
excluded,HEALTH STATUS,STAT8,,Percentage of individuals 65 and above who are feeling downhearted or depressed by frequency and year ,This is a duplicate - delete it,The proportion of older adults who have difficulty with tasks like managing money or preparing meals.,1,1.0,2.0,3.0,2.0,3.0,1.0,2.0,1.0,2.0,1.0,4.0,1.0,24.0,13.0,1.85,6.0,4.0,2.0,1.0,,WBB22C03,WBB22C03,,,DUPLICATE IN CHRONIC DISEASE DOMAIN,,,,Other depression or anxiety metrics may be more appropriate,
Maybe,HEALTHCARE USE,HUSE25,Memory and cognition,"Dementia due to causes other than Alzheimer's disease discharge rate per 1,000 population aged 65 years and over",aged 65 years and over,"The number of hospital discharges for dementia caused by conditions other than Alzheimer's per 1,000 adults aged 65 years and over",1,1.0,2.0,2.0,3.0,0.0,1.0,3.0,1.0,1.0,2.0,2.0,1.0,20.0,12.0,1.67,6.0,4.0,2.0,0.0,,Core Indicator List,,Clarity of definition: Number of persons discharged or number of discharges?,,,,,,,
Maybe,VULNERABLE GROUPS,VULN15,Intellectual disability,Accommodation status of people aged 65 years and over with an intellectual disability (%),????remove %,"The percentage of adults aged 65 years and over with an intellectual disability, categorised by their living arrangements",2,1.0,2.0,3.0,2.0,1.0,1.0,0.0,1.0,1.0,3.0,2.0,1.0,20.0,12.0,1.67,6.0,4.0,2.0,0.0,,Core Indicator List,SIA61C09,"IDS TILDA could give more information - is this information from CENSUS and can we break it down by IHA? If not, can look at TILDA",,,,,A difficulty with these indicators is that there are very few people with ID aged > 65. IDS-TILDA could advise on the best approach here,,
excluded,HEALTH STATUS,STAT42,,"Percentage of older adults (65+) who are underweight, overweight and obese",,Rate of hospital discharges for chest pain caused by heart disease among older adults.,2,1.0,2.0,2.0,1.0,1.0,1.0,1.0,1.0,3.0,4.0,4.0,2.0,25.0,13.0,1.92,6.0,4.0,1.0,2.0,,Tilda,Tilda,Preferred indicator (from TILDA),,duplicate,2 indicators on O/Weight & Obesity:   A3 source above is from Irish Health Survey 2019.  A43 below is a TILDA indicator  Discussion required to select one only. ,,,,
excluded,SAFETY,SAFE1,,Recorded crime victims of selected offences by age of victim when offence occurred and year reported,,"Number of discharges for iron-deficiency anaemia in adults aged 65+, per 1,000.",2,1.0,1.0,4.0,1.0,2.0,1.0,2.0,1.0,1.0,2.0,3.0,4.0,25.0,13.0,1.92,6.0,4.0,1.0,2.0,,CVA04C01,,Note small numbers 65 years and over,,INTERESTING - DATA SOURCE?,,,,Quite small 65+ numbers,
Maybe,HEALTH STATUS,STAT41,ADLs & IADLs,Percentage of older adults aged 65 years and over who report limitations in Instrumental Activities in Daily Living (IADLS),move to 'included bucket'.'maybe' requested by clodagh lawlor. ,The proportion of  adults aged 65 years and over who have difficulty with tasks like managing money or preparing meals.,2,1.0,1.0,2.0,1.0,0.0,2.0,1.0,1.0,3.0,1.0,4.0,2.0,21.0,12.0,1.75,6.0,4.0,1.0,1.0,,Tilda,Tilda,,,duplicate,If Census data can provide data on ADL's - choose Census over TILDA,,,,
excluded,HEALTH STATUS,STAT24,,Deprivation level of people aged 65+ who are blind or have a visual impairment,,How many older people belong to formal groups like clubs or associations.,1,1.0,1.0,3.0,2.0,1.0,1.0,2.0,1.0,2.0,4.0,3.0,3.0,25.0,13.0,1.92,6.0,3.0,3.0,1.0,,Core Indicator List,Core Indicator List,,,,,,,,
excluded,HEALTH STATUS,STAT32,,Self-reported health of people aged 65+ who are deaf or have a hearing impairment,,The proportion of older people who feel they sleep well.,1,1.0,1.0,3.0,2.0,1.0,2.0,1.0,1.0,3.0,4.0,3.0,2.0,25.0,13.0,1.92,6.0,3.0,3.0,1.0,,Core Indicator List,Core Indicator List,,,,,,,,
excluded,HEALTHCARE USE,HUSE16,,"Back pain discharge rate per 1,000 population (65+)",,"How many older people do unpaid work for community, religious, sports, or charitable groups.",1,2.0,1.0,2.0,3.0,0.0,2.0,3.0,1.0,1.0,1.0,3.0,1.0,21.0,12.0,1.75,6.0,3.0,3.0,0.0,,Core Indicator List,,Clarity of definition: Number of persons discharged or number of discharges?,,,,,,,
excluded,FINANCES,FINA1,,Median Real Household Disposable Income,,"Proportion of older adults by weight category: underweight, healthy weight, overweight, or obese.",1,1.0,2.0,2.0,1.0,1.0,3.0,1.0,1.0,0.0,4.0,2.0,3.0,22.0,12.0,1.83,6.0,3.0,2.0,1.0,,SIA61C01,SIA61C01,,,,,,,,
excluded,HEALTHCARE USE,HUSE17,,"Osteoarthritis discharge rate per 1,000 population (65+)",,Breakdown of medications prescribed to older adults by type (ATC classification).,2,2.0,1.0,2.0,3.0,0.0,1.0,3.0,1.0,1.0,1.0,4.0,1.0,22.0,12.0,1.83,6.0,3.0,2.0,1.0,,Core Indicator List,,Clarity of definition: Number of persons discharged or number of discharges?,,,,,,,
excluded,HEALTHCARE USE,HUSE38,,% medicines by ATC codes prescribed to those aged 65+,,"The proportion of older people caring for children or grandchildren, and how frequently.",2,,2.0,3.0,3.0,1.0,1.0,1.0,1.0,1.0,4.0,2.0,1.0,22.0,13.0,1.69,6.0,3.0,2.0,1.0,,Tilda,,Sarah: discuss with Tomas also,,TOP 10 OR 20 OR BY MEDICINES COST/SPEND,,,,Worth discussing this with Tomás also,
excluded,HEALTH STATUS,STAT26,,Self-reported health of people aged 65+ who are blind or have a visual impairment,,"The share of older adults who used antibiotics in the past year, by sex.",1,1.0,1.0,3.0,2.0,1.0,2.0,1.0,1.0,3.0,4.0,3.0,3.0,26.0,13.0,2.0,6.0,2.0,4.0,1.0,,Core Indicator List,Core Indicator List,,,,,,,,
excluded,HEALTH STATUS,STAT30,,Deprivation level of people aged 65+ who are deaf or have a hearing impairment,,Monthly total of new referrals accepted into the ICPOP programme.,1,1.0,1.0,3.0,2.0,1.0,1.0,2.0,1.0,3.0,4.0,3.0,3.0,26.0,13.0,2.0,6.0,2.0,4.0,1.0,,Core Indicator List,Core Indicator List,,,,,,,,
Maybe,HEALTHCARE USE,HUSE52,Kidney and urinary,"Pyelonephritis discharge rate per 1,000 population aged 65 years and over",remove word and bracket - (ACS condition) and add age cohort aged 65 years and over,"The number of hospital discharges for kidney infections per 1,000 adults aged 65 years and over",3,2.0,1.0,1.0,3.0,1.0,0.0,3.0,3.0,1.0,1.0,2.0,1.0,22.0,12.0,1.83,6.0,2.0,4.0,0.0,,Core Indicator List,,Clarity of definition: should this be over 65 years?,,,,,,,Unsure what this  is
Maybe,HEALTHCARE USE,HUSE53,Kidney and urinary,"UTI discharge rate per 1,000 population aged 65 years and over",remove word and bracket - (ACS condition) and add age cohort aged 65 years and over,"The number of hospital discharges for urinary tract infections per 1,000  adults aged 65 years and over",2,3.0,1.0,1.0,3.0,1.0,0.0,3.0,3.0,1.0,1.0,2.0,1.0,22.0,12.0,1.83,6.0,2.0,4.0,0.0,,Core Indicator List,,Clarity of definition: should this be over 65 years?,repetition of number 52,DUPLICATE,,,,,duplicate of 52?
Maybe,HEALTHCARE USE,HUSE50,Cardiovascular conditions,"Angina discharge rate per 1,000 population aged 65 years and over",remove word and bracket - (ACS condition) and add age cohort aged 65 years and over,"The number of hospital discharges for chest pain caused by heart disease per 1,000 adults aged 65 years and over",2,2.0,1.0,1.0,3.0,1.0,0.0,3.0,3.0,1.0,1.0,4.0,1.0,23.0,12.0,1.92,6.0,2.0,3.0,1.0,,Core Indicator List,,Clarity of definition: should this be over 65 years?,repetition - covered in number 48,DUPLICATE,,,,,duplicate of 48?
Maybe,HEALTHCARE USE,HUSE48,Hospital admissions,"Iron deficiency anaemia discharge rate per 1,000 population aged 65 years and over",remove word and bracket - (ACS condition) and add age cohort aged 65 years and over,"The number of hospital discharges for iron-deficiency anaemia per 1,000 adults aged 65 years and over",3,3.0,1.0,1.0,3.0,1.0,1.0,3.0,3.0,1.0,4.0,3.0,1.0,28.0,13.0,2.15,6.0,0.0,6.0,1.0,,Core Indicator List,,Clarity of definition: should this be over 65 years?,,,,,,,
excluded,CONNECTIONS AND PARTICIPATION,CONN5,,"Percent of Persons 65+ who are close enough to people that they could count on, if they had a serious problem (None, 1-2, 3-5, 6+)",,How often older adults report feeling lonely over a typical week.,2,1.0,2.0,3.0,1.0,1.0,1.0,2.0,1.0,2.0,2.0,2.0,3.0,23.0,13.0,1.77,5.0,6.0,2.0,0.0,,IH166C01,,Preferred indicator over HOUS7,,,,,,"similar to variable in housing (help from neighbours), may be more relevant here",
excluded,DEMOGRAPHICS,DEMO7,,Speakers of foreign language by ability to speak English for those aged 65+,,How many older people belong to formal groups like clubs or associations.,2,1.0,1.0,2.0,3.0,1.0,2.0,2.0,2.0,1.0,4.0,2.0,1.0,24.0,13.0,1.85,5.0,6.0,1.0,1.0,,Core Indicator List,,,,,,,,,
excluded,FINANCES,FINA4,,Percent of Household compositions (1 adult aged 65+or 2 adults with at least 1 aged 65+) who are finding it difficult in Making Ends Meet by year,,The proportion of older people who feel they sleep well.,1,1.0,2.0,2.0,2.0,1.0,2.0,2.0,1.0,1.0,4.0,2.0,3.0,24.0,13.0,1.85,5.0,6.0,1.0,1.0,,SIA97C01,SIA97C01,Sarah: WBB12C02 Satisfaction with finanical situation may be a more useful table to include,,,,,,Satisfaction with financial situation  -  WBB12C02; Aged 65 years and over  may also be a useful table to include,
excluded,PROVIDING CARE,PROV6,,Percentage of older adults who provide care to children and/or grandchildren (Who and how often),,,3,1.0,2.0,1.0,2.0,2.0,2.0,2.0,1.0,1.0,4.0,1.0,2.0,24.0,13.0,1.85,5.0,6.0,1.0,1.0,,Tilda,,TILDA,,,,,,,
Maybe,HEALTH STATUS,STAT45,Loneliness and wellbeing,Frequency of loneliness in a week as reported by older adults aged 65 years and over,"290525- expert panel advised against Stat44 'Average self-reported loneliness' and instead use this STAT 45 'Frequency of Loneliness in a week'
'move to 'included bucket'.'maybe' requested by clodagh lawlor. ",The number of times adults aged 65 years and over report feeling lonely over a typical week.,3,1.0,1.0,2.0,1.0,3.0,2.0,1.0,1.0,3.0,3.0,2.0,2.0,25.0,13.0,1.92,5.0,4.0,4.0,0.0,,Tilda,Tilda,,,,Emotional wellbeing indicator on loneliness reported by SILC (2024) :  Question SILC Vs TILDA?,,,,
excluded,HEALTH BEHAVIOURS,BEHV20,,Percentage men 65+ who have had a PSA blood test,,How many older people belong to formal groups like clubs or associations.,2,1.0,2.0,3.0,2.0,1.0,2.0,1.0,3.0,1.0,4.0,3.0,1.0,26.0,13.0,2.0,5.0,4.0,3.0,1.0,,Tilda,,Consider group with preventive measures,"group this with preventative measures 1-3, don’t have a prostate screening program as such",,,,,,
excluded,HOUSING AND ENVIRONMENT,HOUS6,,Persons aged 65 and older - Some difficulty in doing household activities (%),,The proportion of older people who feel they sleep well.,3,2.0,1.0,2.0,1.0,2.0,2.0,1.0,1.0,3.0,1.0,4.0,3.0,26.0,13.0,2.0,5.0,4.0,3.0,1.0,,IH204C01,,Irish Health Survey: TILDA may be preferable (see STAT40),,DUPLICATE,Need to check indicator description,Reported on another indicator also?,,Census health variable may be more relevant (ADL equivalent mentioned in previous section),
excluded,HEALTHCARE USE,HUSE28,,"COVID-19 discharges per 1,000 population (65+)",,"How many older people do unpaid work for community, religious, sports, or charitable groups.",2,1.0,1.0,2.0,3.0,0.0,2.0,3.0,2.0,1.0,1.0,4.0,1.0,23.0,12.0,1.92,5.0,4.0,2.0,1.0,,Core Indicator List,,Clarity of definition: Number of persons discharged or number of discharges?,,,,,,,
excluded,HEALTH STATUS,STAT23,,Ethnicity of people aged 65+ who are blind or have a visual impairment,,"Proportion of older adults by weight category: underweight, healthy weight, overweight, or obese.",1,1.0,1.0,3.0,3.0,1.0,2.0,2.0,1.0,4.0,2.0,3.0,3.0,27.0,13.0,2.08,5.0,3.0,4.0,1.0,,Core Indicator List,Core Indicator List,,,,Unsure of how important it would be to know the ethnicity of 65+ with visual impairment - numbers I suspect will be very low,,,,
excluded,HEALTH STATUS,STAT10,,Percent of people 65 and above who are limited or severely limited by year,This is a duplicate - delete it,Breakdown of medications prescribed to older adults by type (ATC classification).,2,2.0,2.0,3.0,3.0,1.0,3.0,1.0,1.0,4.0,1.0,4.0,1.0,28.0,13.0,2.15,5.0,3.0,3.0,2.0,,HIS05C01,HIS05C01,Healthy Ireland indicator - should STA37 be a preferred indicators,This indicator is a bit unclear to me in terms of what we mean by limited/severely limited,,See A38 - the C22 indicator - is this the same as this one?,,,"The SILC and IHS metrics may be more appropriate here. GALI is the measurement used by Eurostat, so it would be directly comparable",Limited at what?
excluded,HEALTH BEHAVIOURS,BEHV23,,Percentage of older adults (65+) meeting the recommended guidelines for sleep duration,,"The proportion of older people caring for children or grandchildren, and how frequently.",3,3.0,1.0,3.0,1.0,1.0,1.0,2.0,1.0,3.0,4.0,4.0,2.0,29.0,13.0,2.23,5.0,2.0,4.0,2.0,,Tilda,,,,I'd question universality of knowledge re-guidelines in pop'n ,other indicators on sleep are under health status A19 and A 20,,,Repeat of sleep behaviours in health status tab?,
excluded,HEALTH BEHAVIOURS,BEHV14,,Percent of people 65 and above who visited a Nurse in the last twelve months by sex and year,,"The share of older adults who used antibiotics in the past year, by sex.",3,3.0,2.0,4.0,1.0,1.0,2.0,1.0,0.0,1.0,4.0,4.0,1.0,27.0,12.0,2.25,5.0,2.0,2.0,3.0,,HIS19C01,,Consider move to HEALTH USE,"not sure if this adds much - not clear is it practice nurse, PHN, mental health nurse, hospital clinic nurse, CDM hub - it is a bit non-specific",not clear enough,,,,should this be in the healthcare use tab?,
excluded,SAFETY,SAFE2,,Number of road users 65 and above who were Killed and Injured Casualties by sex and year,,Monthly total of new referrals accepted into the ICPOP programme.,2,1.0,1.0,1.0,4.0,3.0,3.0,3.0,1.0,1.0,4.0,3.0,3.0,30.0,13.0,2.31,5.0,1.0,5.0,2.0,,ROA16C3,,,,interesting - will RSA GIVE THAT INFO?,,,,,
Maybe,CONNECTIONS AND PARTICIPATION,CONN10,Social participation,"Percentage of older adults aged 65 years and over who are members of organisations, clubs, societies",move to 'included bucket'.'maybe' requested by clodagh lawlor. ,The percentage of adults aged 65 years and over who belong to formal groups like clubs or associations.,3,1.0,2.0,2.0,2.0,2.0,2.0,1.0,1.0,1.0,3.0,2.0,3.0,25.0,13.0,1.92,4.0,6.0,3.0,0.0,,Tilda,,,,,,,,,
excluded,CONNECTIONS AND PARTICIPATION,CONN8,Social participation,Percentage of older adults (65+) attending religious services,,Monthly referrals to ICPOP for older people with low or no frailty.,2,1.0,2.0,3.0,2.0,2.0,2.0,1.0,1.0,1.0,3.0,3.0,2.0,25.0,13.0,1.92,4.0,6.0,3.0,0.0,,Tilda,,,,,,,,,
excluded,CONNECTIONS AND PARTICIPATION,CONN9,Social participation,Percentage of older adults (65+) who volunteer,,Monthly referrals for people with mild levels of frailty.,2,1.0,2.0,2.0,1.0,2.0,2.0,1.0,1.0,3.0,3.0,4.0,2.0,26.0,13.0,2.0,4.0,6.0,2.0,1.0,,Tilda,,TILDA: but similar to CONN6 - which to choose?,,duplicate,Note another indicator above from Census regarding 'regulalry engage in helping or voluntary work in a number of activities without pay',,,,
excluded,HEALTH BEHAVIOURS,BEHV5,Screening and preventive checks,Preventative Measures in the last 12 months of persons aged 65 years and over - Had a colonoscopy,,Number of monthly ICPOP referrals for people with moderate frailty.,2,1.0,2.0,3.0,2.0,2.0,2.0,1.0,3.0,2.0,1.0,4.0,1.0,26.0,13.0,2.0,4.0,6.0,2.0,1.0,,IH279C05,,"Irish Health Survey 2019 - can we get latest data? Should we place under Preventive measures? If small numbers, can we include in IHA?",,,Source is Irish Health Survey 2019.,,,Small numbers,
excluded,HEALTH STATUS,STAT31,Vision and hearing,Employment status of people aged 65+ who are deaf or have a hearing impairment,,Monthly ICPOP referrals for those with the highest level of frailty.,1,2.0,2.0,3.0,2.0,1.0,2.0,1.0,1.0,3.0,4.0,3.0,2.0,27.0,13.0,2.08,4.0,5.0,3.0,1.0,,Core Indicator List,Core Indicator List,,,,,,,,
excluded,VULNERABLE GROUPS,VULN12,Intellectual disability,Ethnicity of people aged 65+ with an intellectual disability (%),,Number of older adults seen by ICPOP each month who take 10 or more medications.,2,1.0,2.0,3.0,2.0,1.0,1.0,0.0,1.0,3.0,3.0,2.0,2.0,23.0,12.0,1.92,4.0,5.0,3.0,0.0,,Core Indicator List,,"IDS TILDA could give more information - is this information from CENSUS and can we break it down by IHA? If not, can look at TILDA",,,,,A difficulty with these indicators is that there are very few people with ID aged > 65. IDS-TILDA could advise on the best approach here,,
excluded,HEALTHCARE USE,HUSE18,Pain,"Neck pain discharge rate per 1,000 population (65+)",,"The proportion of older adults who cannot afford basic needs like heating, clothing, or meals.",2,2.0,2.0,2.0,3.0,0.0,2.0,3.0,1.0,1.0,1.0,4.0,1.0,24.0,12.0,2.0,4.0,5.0,2.0,1.0,,Core Indicator List,,Clarity of definition: Number of persons discharged or number of discharges?,,,,,,,
excluded,VULNERABLE GROUPS,VULN14,,Employment status of people aged 65+ with an intellectual disability (%),,,2,2.0,2.0,4.0,2.0,1.0,2.0,0.0,1.0,1.0,3.0,3.0,1.0,24.0,12.0,2.0,4.0,5.0,2.0,1.0,,Core Indicator List,SIA61C01,"IDS TILDA could give more information - is this information from CENSUS and can we break it down by IHA? If not, can look at TILDA",,,,,A difficulty with these indicators is that there are very few people with ID aged > 65. IDS-TILDA could advise on the best approach here,,
excluded,EMPLOYMENT,EMPL1,,The percent of the population aged 65 and older who are employed or actively seeking employment,"move to 'included bucket'.expert panel 29.05.25 considered 'Employment status' an important indicator. 
Comment from ranking process - Principal economic status in the demographics (DEMO13) may be more relevant and will capture employment status.",,3,2.0,2.0,3.0,1.0,3.0,3.0,2.0,1.0,1.0,2.0,1.0,3.0,27.0,13.0,2.08,4.0,4.0,5.0,0.0,,QLF18C02,,"May be difficult for the everyday user to interpret. Ob from the statistician responsible for the LFS - the rates we produce are defined by the ILO so the 15% is for anyone 65 and over in this case, 1% is 65-74 year olds while there is no employment rate for 65+ as they are not in the parameters of the statistic. The actual employment number in the table is not limited by the ILO so it will refer to all over 65 year olds for Labour Force, Employment and Unemployment. - PES statistics in the demographics may be more relevant",,,,,,"May be difficult for the everyday user to interpret. Ob from the statistician responsible for the LFS - the rates we produce are defined by the ILO so the 15% is for anyone 65 and over in this case, 1% is 65-74 year olds while there is no employment rate for 65+ as they are not in the parameters of the statistic. The actual employment number in the table is not limited by the ILO so it will refer to all over 65 year olds for Labour Force, Employment and Unemployment. - PES statistics in the demographics may be more relevant",
excluded,DEMOGRAPHICS,DEMO4,,"Cumulative percentage increase in population, all ages and 65+ for Ireland and EU−27, 2013 to 2022",,,2,1.0,2.0,4.0,2.0,3.0,2.0,3.0,1.0,3.0,3.0,1.0,1.0,28.0,13.0,2.15,4.0,4.0,4.0,1.0,,Eurostat,,Is it useful at IHA? A little outdated - could put in percentage population change since last Census instead of this,,,"uncertain of the value of this indicator given the timeframe is 2013-2022; although a comapartive between 65+ populations across EU countries may be valuable at a national level, I'm uncertain how it can add value at IHA level.",,,,
excluded,HEALTH STATUS,STAT7,,Percentage of individuals 65 and above who are feeling happy by frequency and year,This is a duplicate - delete it,,2,1.0,2.0,3.0,3.0,3.0,2.0,3.0,1.0,2.0,1.0,4.0,1.0,28.0,13.0,2.15,4.0,4.0,4.0,1.0,,WBB22C02,WBB22C02,"can we use 2 out of the 3 SILC indicators but not use the Loneliness indicator (instead, using the TILDA loneliness indicator elsewhere)",,,Indicator WBB22C02 '65+ who are feeling happy by frequency and year' and WBB22C03 ' 65+ who are feeling downhearted or depressed' are two varibales from a suite of emotional well-being indicators reported by SILC (2024).  The thrid variable relates to '65+ who are feeling lonely'.   Should the same source be used for all  3 emotional well-being indicators ? (i.e. SILC)?,,,"Life satisfaction may be a better indicator, considered to be a more stable long term one",
excluded,HEALTH STATUS,STAT29,,Ethnicity of people aged 65+  who are deaf or have a hearing impairment,,,1,1.0,2.0,3.0,2.0,1.0,2.0,2.0,1.0,4.0,4.0,3.0,3.0,29.0,13.0,2.23,4.0,4.0,3.0,2.0,,Core Indicator List,Core Indicator List,,,,Unsure of how important it would be to know the ethnicity of 65+ with hearing impairment - numbers I suspect will be very low,,,,
excluded,HEALTH BEHAVIOURS,BEHV8,,"Percent of people 65 and above who consume fruit at least once a day, less than once per week, 1 to 3 times a week, 4 to 6 times a week, never consume fruit",,,2,1.0,2.0,3.0,1.0,1.0,2.0,2.0,1.0,4.0,4.0,4.0,3.0,30.0,13.0,2.31,4.0,4.0,2.0,3.0,,HIS33C01,,,,duplicate,"Regarding indicators for fruit and vegetables - the national dietary recommendation is to consume 5 or more protions of fruit and vegetables per day - suggest sticking with this national dietary recommendation and therefore the indicators HIS33C01 (5 portions or more of fruit/day) and HIS39C01 (5 or more portions of vegetables/day) would need to be combined.   While separating out fruit consumption from vegetable consumption is of interest to niche audiences such as 'Dietitians', I think having one indicator to represent a national dietary recommendation is more important.  
The indicator might be 'Daily consumption of five or more fruits and vegetables by age and gender (%)'",,,,
excluded,HEALTH BEHAVIOURS,BEHV10,,"Percent of people 65 and above who consume vegetables at least once a day, 1 to 3 times a week, 4 to 6 times a week, less than once a week, never consume vegetables",,,3,1.0,2.0,3.0,2.0,1.0,1.0,2.0,1.0,4.0,4.0,4.0,3.0,31.0,13.0,2.38,4.0,3.0,3.0,3.0,,HIS37C01,,Is it possible to combined fruit and veg into a single indicator?,,duplicate,see comment in D9 above,,,,
excluded,DEMOGRAPHICS,DEMO12,,Speakers of foreign languages by ability to speak English for those aged 65+,,,2,2.0,1.0,2.0,3.0,1.0,2.0,3.0,2.0,1.0,3.0,3.0,2.0,27.0,13.0,2.08,3.0,6.0,4.0,0.0,,HAI Census parameters,,,,,,,,,
excluded,HEALTH BEHAVIOURS,BEHV6,,Frequency of walking by sex and age group,This is a duplicate - delete it,,1,3.0,2.0,4.0,1.0,2.0,1.0,3.0,2.0,2.0,4.0,2.0,2.0,29.0,13.0,2.23,3.0,6.0,2.0,2.0,,NTA81,,Remove BEH6 and replace with BEH13,physical activity  - number 14 is better,,,,,,
excluded,EDUCATION AND SKILLS ,EDUS1,,Persons Aged 65 - 74 Years Engaged in Life-Long Learning,,,3,1.0,3.0,2.0,2.0,3.0,2.0,2.0,1.0,1.0,3.0,2.0,4.0,29.0,13.0,2.23,3.0,5.0,5.0,0.0,,QLF40C01,,Note that Labour Force Survey definition is different from standard - therefore clarify defintion,,why limited to 74 yrs?,,,,"LFS lifelong learning definition differs from the standard irish one, excludes informal learning",
excluded,DEMOGRAPHICS,DEMO17,,Percentage of older adults (65+) who experienced ageism/discrimination,,,1,1.0,3.0,4.0,2.0,2.0,2.0,2.0,2.0,1.0,3.0,3.0,3.0,29.0,13.0,2.23,3.0,5.0,4.0,1.0,,Tilda,,Two components; Ageism and discrimination (TILDA) Discrimination (only) is also represented in Vulnerable groups. What year does this relate to?,,,discrimination' indicator appears under 'Vulnerable groups',,,,
excluded,HEALTH STATUS,STAT25,,Employment status of people aged 65+ who are blind or have a visual impairment,,,1,2.0,2.0,3.0,2.0,1.0,2.0,2.0,1.0,3.0,4.0,3.0,3.0,29.0,13.0,2.23,3.0,5.0,4.0,1.0,,Core Indicator List,Core Indicator List,,,,,,,,
excluded,HEALTH BEHAVIOURS,BEHV9,,"Percent of people 65 and above who consume 1 portion of fruit a day, 2 portions a day, 3 portions a day, 4 portions a day, 5+ portions a day",,,2,3.0,2.0,3.0,2.0,1.0,2.0,2.0,1.0,4.0,4.0,1.0,3.0,30.0,13.0,2.31,3.0,5.0,3.0,2.0,,HIS35C01,,BEHV8 a better indicator?,captured better with number 9,,see comment in D9 above,,,,
excluded,HEALTHCARE USE,HUSE31,,Number of older people newly supported with ALONE services (year),,,1,1.0,2.0,4.0,2.0,0.0,2.0,3.0,1.0,2.0,4.0,2.0,3.0,27.0,12.0,2.25,3.0,5.0,2.0,2.0,,Alone,,,,,,,,,
excluded,DEMOGRAPHICS,DEMO11,,Speakers of foreign languages by language spoken for those aged 65+,,,2,2.0,2.0,3.0,2.0,1.0,1.0,3.0,2.0,2.0,3.0,3.0,2.0,28.0,13.0,2.15,2.0,7.0,4.0,0.0,,HAI Census parameters,,,Probably highest priority to know if they can speak English and then which language they do speak for planning resources needed,,,,,,
excluded,HEALTHCARE USE,HUSE32,,Number of older people in receipt of ongoing support of ALONE Services (year),,,2,1.0,2.0,3.0,2.0,0.0,2.0,3.0,1.0,2.0,2.0,2.0,3.0,25.0,12.0,2.08,2.0,7.0,3.0,0.0,,Alone,,,,,,,,,
excluded,HEALTH STATUS,STAT13,,Percent of people 65 and above who have a probable mental health problem on the Energy and Vitality Index,,,3,2.0,2.0,3.0,3.0,2.0,1.0,2.0,1.0,2.0,3.0,3.0,2.0,29.0,13.0,2.23,2.0,6.0,5.0,0.0,,HIS55C02,HIS55C02,,,,,,,As above,
excluded,HEALTH BEHAVIOURS,BEHV11,,"Percent of people 65 and over who consume 1 portion, 2 portions, 3 portions, 4 portions, 5+ portions of vegetables a day",,,3,3.0,2.0,3.0,2.0,1.0,2.0,2.0,2.0,4.0,4.0,1.0,3.0,32.0,13.0,2.46,2.0,5.0,4.0,2.0,,HIS39C01,,Should we look at daily portions or weekly portions?,,,see comment in D9 above,,,,
excluded,HEALTH STATUS,STAT20,,Percent of people aged 65 and above who have taken an antibiotic in the last 12 months by sex and year,,,3,1.0,2.0,4.0,3.0,2.0,2.0,2.0,2.0,3.0,4.0,4.0,1.0,33.0,13.0,2.54,2.0,5.0,3.0,3.0,,HIS27C01,HIS27C01,Healthy Ireland survey. But may not be possible to get independent PCRS data - can CSO source the data?,,,,,,PCRS admin data may be a better source,
Maybe,HEALTH STATUS,STAT18,Loneliness and wellbeing,Percentage of people aged 65 years and over who rate the quality of their sleep at night as fairly good or very good,move to 'included bucket'.'maybe' requested by clodagh lawlor. ,The proportion of people aged 65 years and over who feel they sleep well.,3,3.0,2.0,4.0,2.0,2.0,2.0,2.0,1.0,4.0,4.0,3.0,3.0,35.0,13.0,2.69,1.0,5.0,4.0,3.0,,HIS63C01,HIS63C01,Flag with expert panel - which sleep indicator?,,,Suggest only selecting one indicator on sleep quality - and the indicator below HIS65C01 may provide more value than this one - but to be discussed,,,,
excluded,HOUSING AND ENVIRONMENT,HOUS7,,Percent of people 65 and above experiencing degrees of ease of getting practical help from neighbours,This is a duplicate - delete it,,3,3.0,2.0,3.0,1.0,2.0,2.0,3.0,2.0,3.0,4.0,3.0,4.0,35.0,13.0,2.69,1.0,4.0,6.0,2.0,,IH178C01,,CONN5 is preferred indicator,"This once in connections section maybe better: Percent of Persons 65+ who are close enough to people that they could count on, if they had a serious problem (None, 1-2, 3-5, 6+)",,"Is this similar to the indicaotr under connections 'Percent of Persons 65+ who are close enough to people that they could count on, if they had a serious problem (None, 1-2, 3-5, 6+)'",,,,
excluded,CONNECTIONS AND PARTICIPATION,CONN1,,Percentage distribution of journeys by purpose for 65 and over,,,2,3.0,2.0,4.0,3.0,3.0,2.0,4.0,3.0,1.0,3.0,3.0,3.0,36.0,13.0,2.77,1.0,3.0,7.0,4.0,,NTA119C01,,Clarify definition: National Travel Survey - due again this year,difficult to understand this indicator and what it is trying to capture,unclear,,,,"Last asked in 2021, will be published again in the summer",Utility depends on purpose categories
excluded,HEALTH STATUS,STAT19,,"Percent of people 65 and over who sleep 6 or less hours a night, more than 6 and up to 7 hours a night, more than 7 and up to 8 hours a night, more than 8 hours a night",,,3,3.0,2.0,4.0,4.0,3.0,2.0,2.0,1.0,3.0,4.0,3.0,3.0,37.0,13.0,2.85,1.0,3.0,6.0,3.0,,HIS65C01,HIS65C01,Age component is over 65.,,,,,,Is there an age component to this? ,
excluded,CONNECTIONS AND PARTICIPATION,CONN2,,Number of Persons 65+ and over taking Annual Outbound Overnight Trips for Personal purpose ,,,3,3.0,3.0,4.0,3.0,3.0,3.0,4.0,1.0,3.0,4.0,3.0,4.0,41.0,13.0,3.15,1.0,0.0,8.0,4.0,,HTA20C02,,National Travel Survey - due again this year,,unclear,,,,"Last asked in 2021, will be published again in the summer",
excluded,HEALTH STATUS,STAT12,,Percent of people 65 and above who are in the High Energy and Vitality group on the Energy and Vitality Index,,,3,2.0,2.0,3.0,3.0,2.0,2.0,2.0,2.0,2.0,3.0,3.0,2.0,31.0,13.0,2.38,0.0,8.0,5.0,0.0,,HIS55C01,HIS55C01,,,,,,,PHQ-9 or WHO-5 from IHS may be preferable for EU comparators,
excluded,HEALTH STATUS,STAT4,,"Percent of people 65 and over with Low, Medium, High, Not Stated satisfaction with time use (amount of leisure time)",,,3,2.0,2.0,3.0,3.0,2.0,2.0,3.0,2.0,2.0,2.0,3.0,2.0,31.0,13.0,2.38,0.0,8.0,5.0,0.0,,WBB64C02,WBB64C02,,,,,,,,
excluded,DEMOGRAPHICS,DEMO10,,Population aged 65+ years by ability to speak Irish,,,3,2.0,2.0,3.0,3.0,2.0,3.0,3.0,2.0,2.0,3.0,3.0,2.0,33.0,13.0,2.54,0.0,6.0,7.0,0.0,,Health Atlas Ireland (HAI) Census parameters,,,,,,,,,
excluded,HEALTH STATUS,STAT16,,Percent of people 65 and over who to their knowledge had been infected with COVID-19 per year ,This is a duplicate - delete it,,3,2.0,2.0,2.0,3.0,3.0,2.0,3.0,4.0,3.0,4.0,4.0,2.0,37.0,13.0,2.85,0.0,5.0,5.0,3.0,,HIS59C01,HIS59C01,,,,,,Could be interesting for long COVID bit not essential,,
excluded,HEALTH STATUS,STAT17,,"Percent of people 65 and above who returned to usual health after COVID-19 infection in less than 1 month, 1 month or more but less than 1 year, 1 year or more but less than 2 years, in 2 years or longer",This is a duplicate - delete it,,2,2.0,2.0,4.0,4.0,2.0,3.0,3.0,3.0,4.0,4.0,3.0,2.0,38.0,13.0,2.92,0.0,5.0,4.0,4.0,,HIS61C01,HIS61C01,,,,,,Ditto,,"Seems an awkward way to establish who has long covid, not clear if applies to current state"
excluded,HOUSING AND ENVIRONMENT,HOUS5,,Percent of 65+ who owns an Electric Vehicle (EV),,,4,3.0,3.0,4.0,3.0,4.0,4.0,3.0,3.0,3.0,4.0,3.0,4.0,45.0,13.0,3.46,0.0,0.0,7.0,6.0,,NTA76C01,,,,,,,,,
Maybe,CONNECTIONS AND PARTICIPATION,CONN6,Social participation,Proportion of the population aged 65 years and over who regularly engage in helping or voluntary work in any of the following activities without pay: A social or charitable organisation; A religious group or church; A sporting organisation; A political organisation; In your community; No.,maybe' requested by  Mike O'Callaghan,"The proportion of people aged 65 years and over who do unpaid work for community, religious, sports, or charitable groups.",3,1.0,2.0,2.0,1.0,1.0,2.0,1.0,1.0,1.0,2.0,2.0,2.0,21.0,13.0,1.62,6.0,6.0,1.0,0.0,"Below the cut-off point, the minority of voters (6/13) have selected a preferential ""1"" score for these parameters",Direct from Census,,CENSUS: similar to CONN9 - which to choose?,,,,,,,
duplicate,EDUCATION AND SKILLS ,EDUS2,Socioeconomic status,Population aged 65 years and over by highest level of education completed (%), THIS IS A DUPLICATE - see row 122 - EDUS2 - requested by both Clodagh Lawlor Mike O' Callaghan as 'maybe',"The percentage of adults aged 65 years and over who completed different levels of education (e.g. primary, secondary, third level).",3,1.0,2.0,2.0,1.0,1.0,2.0,1.0,1.0,1.0,3.0,2.0,2.0,22.0,13.0,1.69,6.0,5.0,2.0,0.0,,F8039C02,,,,,,,,,
Maybe,HEALTH STATUS,STAT42,Population demographics,"Percentage of older adults aged 65 years and over who are underweight, overweight and obese",maybe' requested by  Mike O'Callaghan,"The proportion of adults aged 65 years and over by weight category: underweight, healthy weight, overweight, or obese.",2,1.0,2.0,2.0,1.0,1.0,1.0,1.0,1.0,3.0,4.0,4.0,2.0,25.0,13.0,1.92,6.0,4.0,1.0,2.0,,Tilda,Tilda,Preferred indicator (from TILDA),,duplicate,2 indicators on O/Weight & Obesity:   A3 source above is from Irish Health Survey 2019.  A43 below is a TILDA indicator  Discussion required to select one only. ,,,,
Maybe,HEALTHCARE USE,HUSE38,Medication and prescribing,Percentage of medicines by ATC codes prescribed to those aged 65 years and over,need to explain what ATC's are,The percentage of medications prescribed to adults aged 65 years and over by type of medication (using Anatomical Therapeutic Chemical (ATC) classification).,2,,2.0,3.0,3.0,1.0,1.0,1.0,1.0,1.0,4.0,2.0,1.0,22.0,13.0,1.69,6.0,3.0,2.0,1.0,,Tilda,,Sarah: discuss with Tomas also,,TOP 10 OR 20 OR BY MEDICINES COST/SPEND,,,,Worth discussing this with Tomás also,
Maybe,PROVIDING CARE,PROV6,Caregiving,Percentage of older adults aged 65 years and over who provide care to children and/or grandchildren (Who and how often),maybe' requested by  Mike O'Callaghan,"The proportion of people aged 65 years and over who are caring for children or grandchildren, and how frequently they do so",3,1.0,2.0,1.0,2.0,2.0,2.0,2.0,1.0,1.0,4.0,1.0,2.0,24.0,13.0,1.85,5.0,6.0,1.0,1.0,,Tilda,,TILDA,,,,,,,
Maybe,HEALTH STATUS,STAT20,Medication and prescribing,Percentage of people aged 65 years and over who have taken an antibiotic in the last 12 months by sex,maybe' requested by  Mike O'Callaghan,The proportion of older adults who have taken an antibiotic in the past year by sex ,3,1.0,2.0,4.0,3.0,2.0,2.0,2.0,2.0,3.0,4.0,4.0,1.0,33.0,13.0,2.54,2.0,5.0,3.0,3.0,,HIS27C01,HIS27C01,Healthy Ireland survey. But may not be possible to get independent PCRS data - can CSO source the data?,,,,,,PCRS admin data may be a better source,
duplicate,CONNECTIONS AND PARTICIPATION,CONN6,Social participation,Proportion of the population 65+ who regularly engage in helping or voluntary work in any of the following activities without pay: A social or charitable organisation; A religious group or church; A sporting organisation; A political organisation; In your community; No., THIS IS A DUPLICATE - see row 195 - CONN6 - requested by both Mike O' Callaghan and Alieen O' Reilly as 'maybe' ,,3,1.0,2.0,2.0,1.0,1.0,2.0,1.0,1.0,1.0,2.0,2.0,2.0,21.0,13.0,1.62,6.0,6.0,1.0,0.0,"Below the cut-off point, the minority of voters (6/13) have selected a preferential ""1"" score for these parameters",Direct from Census,,CENSUS: similar to CONN9 - which to choose?,,,,,,,
duplicate,CONNECTIONS AND PARTICIPATION,CONN10,Social participation,"Percentage of older adults (65+) who are members of organisations, clubs, societies",' THIS IS A DUPLICATE - see row 158 - CONN10 - requested by both Alieen O' Reilly and Clodagh Lawlor as 'maybe' ,,3,1.0,2.0,2.0,1.0,1.0,2.0,1.0,1.0,1.0,2.0,2.0,2.0,21.0,13.0,1.62,6.0,6.0,1.0,0.0,"Below the cut-off point, the minority of voters (6/13) have selected a preferential ""1"" score for these parameters",Tilda,,,,,,,,,
Maybe,CONNECTIONS AND PARTICIPATION,CONN9,Social participation,Percentage of older adults aged 65 years and over who volunteer,maybe' requested by Aillen O' Reilly,,3,1.0,2.0,2.0,2.0,2.0,2.0,1.0,1.0,1.0,3.0,2.0,3.0,25.0,13.0,1.92,4.0,6.0,3.0,0.0,,Tilda,,TILDA: but similar to CONN6 - which to choose?,,duplicate,Note another indicator above from Census regarding 'regulalry engage in helping or voluntary work in a number of activities without pay',,,,
Maybe,HEALTHCARE USE,HUSE31,Home and community supports,Number of older people newly supported with ALONE services in the previous 12 months,changed (year) to 'in the previous 12 months' 'maybe' requested by Aillen O' Reilly,,2,1.0,2.0,2.0,1.0,2.0,2.0,1.0,1.0,3.0,3.0,4.0,2.0,26.0,13.0,2.0,4.0,6.0,2.0,1.0,,Alone,,,,,,,,,
Maybe,HEALTHCARE USE,HUSE32,Home and community supports,Number of older people in receipt of ongoing support of ALONE Services in the previous 12 months,changed (year) to 'in the previous 12 months';  'maybe' requested by Aillen O' Reilly,,1,1.0,2.0,4.0,2.0,0.0,2.0,3.0,1.0,2.0,4.0,2.0,3.0,27.0,12.0,2.25,3.0,5.0,2.0,2.0,,Alone,,,,,,,,,
new,FINANCES,FINA5,Socioeconomic status,Percentage of population aged 65 years and over experiencing enforced deprivation,SIA61C10,"The proportion of adults aged 65 years and over who cannot afford basic needs like heating, clothing, or meals.",,,,,,,,,,,,,,,,,,,,,,SIA61C10,SIA61C10,added 07062025 - recommended by CSO,,,,NB over 50s available but would have to request over 65s,,,
